timestamp	commit	branch	pade_m	pade_n	max_order	interval	enable_pade	pade_only_single_step	pade_denom_threshold	total_images	batch_size	seed	cfg_scale	num_sampling_steps	lpips	relative_l1	ssim	rmse	psnr	cosine	approx_total_steps	pade_steps	taylor_steps	mixed_steps	pade_calls	taylor_calls	pade_step_ratio	pade_call_ratio	status	comparison_bucket	bucket_best	paired_control_scope	paired_control_timestamp	paired_outcome	paired_control_lpips	paired_control_relative_l1	paired_control_ssim	paired_control_rmse	paired_delta_lpips	paired_delta_relative_l1	paired_delta_ssim	paired_delta_rmse	latency_baseline_timestamp	latency_baseline_sample_seconds	sample_seconds_budget	sample_seconds_ratio	latency_within_budget	pade_target_file	pade_code_sha256	pade_snapshot_file	description	sample_seconds	eval_seconds	total_seconds	artifact_dir
20260317-164634	d560c86	autoresearch/pade-20260317	1	1	4	4									0.083730	1.089614	0.864801	6.483089	26.306295	0.991464									keep																						baseline [1/1] pade	1534.421	32.083	1566.505	/home/yjs/autoresearch/runs/20260317-164634-m1-n1-k4-i4
20260317-175948	e0f1df8	autoresearch/pade-20260317	2	1	3	4									0.000000	0.000000	0.000000	0.000000	0.000000	0.000000									crash																						retry [2/1] pade | FileNotFoundError: Missing evaluation output: /home/yjs/TaylorSeer/TaylorSeer-DiT/pade_samples/eval_metrics.json	0.000	0.000	1240.926	
20260317-182129	90b76d1	autoresearch/pade-20260317	2	1	3	4									0.776419	1.085726	0.196243	10.111224	9.821618	0.819418									discard																						rerun [2/1] pade	2431.757	35.420	2467.181	/home/yjs/autoresearch/runs/20260317-182129-m2-n1-k3-i4
20260317-192751	24cf75f	autoresearch/pade-20260317	1	1	4	4									0.085580	1.073837	0.862213	6.533963	26.064807	0.990850									discard																						baseline [1/1] pade 100img	780.741	19.508	800.250	/home/yjs/autoresearch/runs/20260317-192751-m1-n1-k4-i4
20260317-194200	9eb1f07	autoresearch/pade-20260317	2	1	3	4									0.771598	1.057247	0.203497	10.177346	9.914695	0.829183									discard																						candidate [2/1] pade 100img	1234.071	23.116	1257.188	/home/yjs/autoresearch/runs/20260317-194200-m2-n1-k3-i4
20260317-200336	0b6e8ab	autoresearch/pade-20260317	1	2	3	4									0.082839	1.077390	0.864490	6.522857	26.063786	0.991173									keep																						candidate [1/2] pade 100img	1172.688	20.592	1193.283	/home/yjs/autoresearch/runs/20260317-200336-m1-n2-k3-i4
20260318-221350	388755b	autoresearch/pade-20260318	2	2	4	4		true	0.0001						0.766705	1.055359	0.203880	10.175372	9.835116	0.827594	9300	2950	6350	0	165200	355600	0.317204	0.317204	discard																						retry [2/2] pade 100img	1230.233	18.533	1248.768	/home/yjs/autoresearch/runs/20260318-221350-m2-n2-k4-i4
20260318-223640	bea086c	autoresearch/pade-20260318	1	3	4	4		true	0.0001						0.086068	1.074013	0.861292	6.557550	26.011166	0.990845	9300	2950	6350	0	165200	355600	0.317204	0.317204	discard																						candidate [1/3] pade 100img	1625.492	18.698	1644.191	/home/yjs/autoresearch/runs/20260318-223640-m1-n3-k4-i4
20260318-231316	edee15b	autoresearch/pade-20260318	3	1	4	4		true	0.0001						0.000000	0.000000	0.000000	0.000000	0.000000	0.000000	0	0	0	0	0	0	0.000000	0.000000	crash																						auto candidate [3/1] pade 100img | CalledProcessError: Command '['/home/yjs/xdit_env/bin/python', '/home/yjs/TaylorSeer/TaylorSeer-DiT/sample.py', '--pade-m', '3', '--pade-n', '1', '--max-order', '4',	0.000	0.000	5.630	
20260318-231322	043f7cf	autoresearch/pade-20260318	3	2	5	4		true	0.0001						0.000000	0.000000	0.000000	0.000000	0.000000	0.000000	0	0	0	0	0	0	0.000000	0.000000	crash																						auto candidate [3/2] pade 100img | CalledProcessError: Command '['/home/yjs/xdit_env/bin/python', '/home/yjs/TaylorSeer/TaylorSeer-DiT/sample.py', '--pade-m', '3', '--pade-n', '2', '--max-order', '5',	0.000	0.000	5.530	
20260318-231327	63c1974	autoresearch/pade-20260318	2	3	5	4		true	0.0001						0.000000	0.000000	0.000000	0.000000	0.000000	0.000000	0	0	0	0	0	0	0.000000	0.000000	crash																						auto candidate [2/3] pade 100img | CalledProcessError: Command '['/home/yjs/xdit_env/bin/python', '/home/yjs/TaylorSeer/TaylorSeer-DiT/sample.py', '--pade-m', '2', '--pade-n', '3', '--max-order', '5',	0.000	0.000	5.728	
20260318-231333	9133b0c	autoresearch/pade-20260318	4	1	5	4		true	0.0001						0.000000	0.000000	0.000000	0.000000	0.000000	0.000000	0	0	0	0	0	0	0.000000	0.000000	crash																						auto candidate [4/1] pade 100img | CalledProcessError: Command '['/home/yjs/xdit_env/bin/python', '/home/yjs/TaylorSeer/TaylorSeer-DiT/sample.py', '--pade-m', '4', '--pade-n', '1', '--max-order', '5',	0.000	0.000	5.883	
20260318-232002	5093e78	autoresearch/pade-20260318	1	2	3	4		false	0.0001						0.702506	1.074837	0.266322	10.099829	11.487621	0.872982	9300	9000	300	0	504000	16800	0.967742	0.967742	discard																						agent candidate [1/2] no-single-step threshold1e-4 100img	2033.844	19.747	2053.594	/home/yjs/autoresearch/runs/20260318-232002-m1-n2-k3-i4
20260318-235539	5093e78	autoresearch/pade-20260318	1	2	3	4		true	0.0001						0.082839	1.077390	0.864490	6.522857	26.063786	0.991173	9300	3000	6300	0	168000	352800	0.322581	0.322581	discard																						agent rerun best [1/2] single-step threshold1e-4 100img	1157.400	18.598	1176.000	/home/yjs/autoresearch/runs/20260318-235539-m1-n2-k3-i4
20260319-231805	5093e78	autoresearch/pade-20260318	1	2	3	4		true	0.001						0.000000	0.000000	0.000000	0.000000	0.000000	0.000000	0	0	0	0	0	0	0.000000	0.000000	crash																						agent candidate [1/2] single-step threshold1e-3 100img | CalledProcessError: Command '['/home/yjs/xdit_env/bin/python', '/home/yjs/TaylorSeer/TaylorSeer-DiT/sample.py', '--pade-m', '1', '--pade-n', '2	0.000	0.000	5.276	
20260319-234247	5093e78	autoresearch/pade-20260319	1	2	3	4		true	0.001						0.084598	1.073272	0.864196	6.509303	26.159115	0.991056	9300	3000	6300	0	168000	352800	0.322581	0.322581	discard																						agent retry [1/2] single-step threshold1e-3 100img	1132.206	16.432	1148.639	/home/yjs/autoresearch/runs/20260319-234247-m1-n2-k3-i4
20260320-000352	5093e78	autoresearch/pade-20260319	1	2	4	4		true	0.0001						0.086715	1.073108	0.859844	6.626436	25.793539	0.990551	9300	3000	6300	0	168000	352800	0.322581	0.322581	discard																						agent candidate [1/2] max_order4 single-step threshold1e-4 100img	1180.833	16.152	1196.988	/home/yjs/autoresearch/runs/20260320-000352-m1-n2-k4-i4
20260325-163603	20ff29e	autoresearch/pade-code-20260325	1	2	3	4		true	0.001						0.084598	1.073272	0.864196	6.509303	26.159115	0.991056	9300	3000	6300	0	168000	352800	0.322581	0.322581	discard																			/home/yjs/TaylorSeer/TaylorSeer-DiT/taylor_utils/__init__.py	7baf5f333d00273ef174aed6fb9b962254d9fed7a507c2d7a89aeac131feba45	/home/yjs/autoresearch/runs/20260325-163603-m1-n2-k3-i4/pade_target_snapshot.py	baseline fixed-parameter Padé code	1071.099	15.332	1086.432	/home/yjs/autoresearch/runs/20260325-163603-m1-n2-k3-i4
20260325-170114	20ff29e	autoresearch/pade-code-20260325	1	2	3	4		true	0.001						0.084306	1.070833	0.863911	6.513626	26.161301	0.991029	9300	3000	6300	0	168000	352800	0.322581	0.322581	discard																			/home/yjs/TaylorSeer/TaylorSeer-DiT/taylor_utils/__init__.py	1a2883b392c8a31745870b124f7af9bfa56b4ad892abe7eb4b926fb30d030670	/home/yjs/autoresearch/runs/20260325-170114-m1-n2-k3-i4/pade_target_snapshot.py	validate [1/2] solve and blend toward Taylor near weak denominators	1733.293	15.477	1748.772	/home/yjs/autoresearch/runs/20260325-170114-m1-n2-k3-i4
20260325-174844	20ff29e	autoresearch/pade-code-20260325	1	2	3	4		true	0.001						0.084306	1.070833	0.863911	6.513626	26.161301	0.991029	9300	3000	6300	0	168000	352800	0.322581	0.322581	discard																			/home/yjs/TaylorSeer/TaylorSeer-DiT/taylor_utils/__init__.py	9a02daf13da8c272da2178adb7d51f298e5d6d5922424b87891bddf55071bce7	/home/yjs/autoresearch/runs/20260325-174844-m1-n2-k3-i4/pade_target_snapshot.py	blend toward Taylor using scaled denominator margin only	1176.332	15.171	1191.503	/home/yjs/autoresearch/runs/20260325-174844-m1-n2-k3-i4
20260325-181430	20ff29e	autoresearch/pade-code-20260325	1	2	3	4		true	0.001						0.084837	1.072620	0.863284	6.531187	26.112723	0.990967	9300	3000	6300	0	168000	352800	0.322581	0.322581	discard																			/home/yjs/TaylorSeer/TaylorSeer-DiT/taylor_utils/__init__.py	1464a286869fa61b37d3319b039b4023960b9d9474e6a7bc4fecf4189104e400	/home/yjs/autoresearch/runs/20260325-181430-m1-n2-k3-i4/pade_target_snapshot.py	explicit [1/2] coeff solve with determinant guard fallback	998.559	15.285	1013.845	/home/yjs/autoresearch/runs/20260325-181430-m1-n2-k3-i4
20260325-184720	20ff29e	autoresearch/pade-code-20260325	1	2	3	4		true	0.001						0.085068	1.074240	0.863073	6.514245	26.106460	0.990915	9300	3000	6300	0	168000	352800	0.322581	0.322581	discard																			/home/yjs/TaylorSeer/TaylorSeer-DiT/taylor_utils/__init__.py	6f6152a0fe9ae69e4350488120fb5cef2cdbcb663690ef0a6579643df046f598	/home/yjs/autoresearch/runs/20260325-184720-m1-n2-k3-i4/pade_target_snapshot.py	regularize [1/2] Padé solve with tiny scaled diagonal damping	1352.747	15.448	1368.196	/home/yjs/autoresearch/runs/20260325-184720-m1-n2-k3-i4
20260325-191907	20ff29e	autoresearch/pade-code-20260325	1	2	3	4		true	0.001						0.085094	1.074146	0.863025	6.515325	26.103637	0.990907	9300	3000	6300	0	168000	352800	0.322581	0.322581	discard																			/home/yjs/TaylorSeer/TaylorSeer-DiT/taylor_utils/__init__.py	e55c91a109f182442ae181830a6d124639e541f78d7ddb7866d074642b44bb91	/home/yjs/autoresearch/runs/20260325-191907-m1-n2-k3-i4/pade_target_snapshot.py	square Padé safety blend to favor Taylor unless margin is strong	1213.703	15.225	1228.930	/home/yjs/autoresearch/runs/20260325-191907-m1-n2-k3-i4
20260325-195430	20ff29e	autoresearch/pade-code-20260325	1	2	3	4		true	0.001						0.085073	1.074280	0.863058	6.514294	26.105817	0.990910	9300	3000	6300	0	168000	352800	0.322581	0.322581	discard																			/home/yjs/TaylorSeer/TaylorSeer-DiT/taylor_utils/__init__.py	63fde0b43ee89414d597a9d50357c80a2c6658960debdebb525293fe4254f91d	/home/yjs/autoresearch/runs/20260325-195430-m1-n2-k3-i4/pade_target_snapshot.py	require denom margin to exceed local pole risk before Padé blend	1219.043	14.961	1234.006	/home/yjs/autoresearch/runs/20260325-195430-m1-n2-k3-i4
20260325-204050	20ff29e	autoresearch/pade-code-20260325	1	2	3	4		true	0.001						0.085093	1.074129	0.863016	6.515484	26.104462	0.990905	9300	3000	6300	0	168000	352800	0.322581	0.322581	discard																			/home/yjs/TaylorSeer/TaylorSeer-DiT/taylor_utils/__init__.py	3a3edb3b909a24a0ef0c7f6fce527c2e4282ffb0457c0b2f44f70dfae499121a	/home/yjs/autoresearch/runs/20260325-204050-m1-n2-k3-i4/pade_target_snapshot.py	correction-ratio guard fallback when Padé deviates too far from local Taylor	1513.970	15.411	1529.384	/home/yjs/autoresearch/runs/20260325-204050-m1-n2-k3-i4
20260325-211143	20ff29e	autoresearch/pade-code-20260325	1	2	3	4		true	0.001						0.085093	1.074129	0.863016	6.515484	26.104462	0.990905	9300	3000	6300	0	168000	352800	0.322581	0.322581	discard																			/home/yjs/TaylorSeer/TaylorSeer-DiT/taylor_utils/__init__.py	7dd9d6174125af251d2dc7da5b12d5f686f8cb06715cc3de67fcb38ac6f35366	/home/yjs/autoresearch/runs/20260325-211143-m1-n2-k3-i4/pade_target_snapshot.py	restore solve-residual gate and keep correction-ratio fallback	1804.100	15.420	1819.521	/home/yjs/autoresearch/runs/20260325-211143-m1-n2-k3-i4
20260325-222816	20ff29e	autoresearch/pade-code-20260325	1	2	3	4		true	0.001						0.085093	1.074129	0.863016	6.515484	26.104462	0.990905	9300	3000	6300	0	168000	352800	0.322581	0.322581	discard																			/home/yjs/TaylorSeer/TaylorSeer-DiT/taylor_utils/__init__.py	3f020262887f296f7c4b0780501198179f101f83a6fafdefc1f96ce98c52e7a9	/home/yjs/autoresearch/runs/20260325-222816-m1-n2-k3-i4/pade_target_snapshot.py	drop correction-ratio fallback from [1/2] blend	1743.830	15.276	1759.107	/home/yjs/autoresearch/runs/20260325-222816-m1-n2-k3-i4
20260325-225926	20ff29e	autoresearch/pade-code-20260325	1	2	3	4		true	0.001						0.085123	1.074184	0.862977	6.515267	26.102501	0.990899	9300	3000	6300	0	168000	352800	0.322581	0.322581	discard																			/home/yjs/TaylorSeer/TaylorSeer-DiT/taylor_utils/__init__.py	197599e55fd4d8c2f80bcca8928597f1fa57ddc89bbd35e303c8c22318c9899d	/home/yjs/autoresearch/runs/20260325-225926-m1-n2-k3-i4/pade_target_snapshot.py	scale-normalize Taylor coefficients before [1/2] Padé solve	1802.307	15.403	1817.711	/home/yjs/autoresearch/runs/20260325-225926-m1-n2-k3-i4
20260325-235308	20ff29e	autoresearch/pade-code-20260325	1	2	3	4		true	0.0001						0.085123	1.074184	0.862977	6.515267	26.102501	0.990899	9300	3000	6300	0	168000	352800	0.322581	0.322581	discard																			/home/yjs/TaylorSeer/TaylorSeer-DiT/taylor_utils/__init__.py	197599e55fd4d8c2f80bcca8928597f1fa57ddc89bbd35e303c8c22318c9899d	/home/yjs/autoresearch/runs/20260325-235308-m1-n2-k3-i4/pade_target_snapshot.py	parameter probe: lower pade_denom_threshold to 1e-4 on current [1/2] code	1801.612	15.006	1816.620	/home/yjs/autoresearch/runs/20260325-235308-m1-n2-k3-i4
20260326-101254	20ff29e	autoresearch/pade-code-20260325	1	2	3	4		true	0.0001						0.085093	1.074129	0.863016	6.515484	26.104462	0.990905	9300	3000	6300	0	168000	352800	0.322581	0.322581	discard																			/home/yjs/TaylorSeer/TaylorSeer-DiT/taylor_utils/__init__.py	3f020262887f296f7c4b0780501198179f101f83a6fafdefc1f96ce98c52e7a9	/home/yjs/autoresearch/runs/20260326-101254-m1-n2-k3-i4/pade_target_snapshot.py	code probe: remove Taylor coefficient scaling from [1/2] Padé solve	1742.947	15.358	1758.307	/home/yjs/autoresearch/runs/20260326-101254-m1-n2-k3-i4
20260326-104449	20ff29e	autoresearch/pade-code-20260325	1	2	3	4		true	0.0001						0.085856	1.073674	0.862982	6.511033	26.112834	0.990818	9300	3000	6300	0	168000	352800	0.322581	0.322581	discard																			/home/yjs/TaylorSeer/TaylorSeer-DiT/taylor_utils/__init__.py	a33d3655b85d125277a52ec2a7310465cfcedc58f149c06c428f2e391eb68d88	/home/yjs/autoresearch/runs/20260326-104449-m1-n2-k3-i4/pade_target_snapshot.py	code probe: restore weak-denominator-only blend and Taylor fallback	1730.221	15.262	1745.484	/home/yjs/autoresearch/runs/20260326-104449-m1-n2-k3-i4
20260326-114236	20ff29e	autoresearch/pade-code-20260325	1	2	3	4		true	0.001						0.084306	1.070833	0.863911	6.513626	26.161301	0.991029	9300	3000	6300	0	168000	352800	0.322581	0.322581	discard																			/home/yjs/TaylorSeer/TaylorSeer-DiT/taylor_utils/__init__.py	a33d3655b85d125277a52ec2a7310465cfcedc58f149c06c428f2e391eb68d88	/home/yjs/autoresearch/runs/20260326-114236-m1-n2-k3-i4/pade_target_snapshot.py	parameter probe: restore pade_denom_threshold to 1e-3 on weak-denominator-only blend code	1731.916	15.397	1747.315	/home/yjs/autoresearch/runs/20260326-114236-m1-n2-k3-i4
20260326-130916	20ff29e	autoresearch/pade-code-20260325	1	2	3	3		true	0.001						0.062772	1.057843	0.897980	5.604660	28.382353	0.991693	8300	4050	4250	0	226800	238000	0.487952	0.487952	keep																			/home/yjs/TaylorSeer/TaylorSeer-DiT/taylor_utils/__init__.py	a33d3655b85d125277a52ec2a7310465cfcedc58f149c06c428f2e391eb68d88	/home/yjs/autoresearch/runs/20260326-130916-m1-n2-k3-i3/pade_target_snapshot.py	parameter probe: reduce interval to 3 on validated weak-denominator-only blend code	2161.204	14.961	2176.166	/home/yjs/autoresearch/runs/20260326-130916-m1-n2-k3-i3
20260326-134634	20ff29e	autoresearch/pade-code-20260325	1	2	3	2		true	0.001						0.054280	1.063404	0.908731	5.243259	29.542935	0.994090	6200	6100	100	0	341600	5600	0.983871	0.983871	keep																			/home/yjs/TaylorSeer/TaylorSeer-DiT/taylor_utils/__init__.py	a33d3655b85d125277a52ec2a7310465cfcedc58f149c06c428f2e391eb68d88	/home/yjs/autoresearch/runs/20260326-134634-m1-n2-k3-i2/pade_target_snapshot.py	parameter probe: reduce interval to 2 on validated interval-3 weak-denominator-only blend code	3003.127	14.608	3017.737	/home/yjs/autoresearch/runs/20260326-134634-m1-n2-k3-i2
20260326-152352	20ff29e	autoresearch/pade-code-20260326	1	2	3	2		true	0.002						0.045725	0.985202	0.921938	4.797509	30.884271	0.995453	6200	6100	100	0	341600	5600	0.983871	0.983871	keep																			/home/yjs/TaylorSeer/TaylorSeer-DiT/taylor_utils/__init__.py	a33d3655b85d125277a52ec2a7310465cfcedc58f149c06c428f2e391eb68d88	/home/yjs/autoresearch/runs/20260326-152352-m1-n2-k3-i2/pade_target_snapshot.py	parameter probe: raise pade_denom_threshold to 2e-3 on interval-2 weak-denominator-only blend code	3006.547	14.655	3021.204	/home/yjs/autoresearch/runs/20260326-152352-m1-n2-k3-i2
20260326-162003	20ff29e	autoresearch/pade-code-20260326	1	2	3	2		true	0.003						0.046666	1.018251	0.923228	4.796676	30.723521	0.994805	6200	6100	101	1	341599	5601	0.983871	0.983868	discard																			/home/yjs/TaylorSeer/TaylorSeer-DiT/taylor_utils/__init__.py	a33d3655b85d125277a52ec2a7310465cfcedc58f149c06c428f2e391eb68d88	/home/yjs/autoresearch/runs/20260326-162003-m1-n2-k3-i2/pade_target_snapshot.py	parameter probe: raise pade_denom_threshold to 3e-3 on interval-2 weak-denominator-only blend code	2993.441	14.979	3008.422	/home/yjs/autoresearch/runs/20260326-162003-m1-n2-k3-i2
20260326-173219	20ff29e	autoresearch/pade-code-20260326	1	2	3	2		true	0.002						0.045881	1.016667	0.924188	4.850714	30.510500	0.995021	6200	6100	100	0	341600	5600	0.983871	0.983871	discard																			/home/yjs/TaylorSeer/TaylorSeer-DiT/taylor_utils/__init__.py	ac595e6c18cf5add6b37aa2a1da7d5a9644ee308d444af480f04289555be3346	/home/yjs/autoresearch/runs/20260326-173219-m1-n2-k3-i2/pade_target_snapshot.py	code probe: weak-margin [1/2] fallback to [1/1] at 2e-3 threshold	3620.108	15.027	3635.136	/home/yjs/autoresearch/runs/20260326-173219-m1-n2-k3-i2
20260326-184413	20ff29e	autoresearch/pade-code-20260326	1	2	3	2		true	0.0015						0.044503	1.030241	0.925181	4.970754	30.506594	0.995656	6200	6100	100	0	341600	5600	0.983871	0.983871	keep																			/home/yjs/TaylorSeer/TaylorSeer-DiT/taylor_utils/__init__.py	a33d3655b85d125277a52ec2a7310465cfcedc58f149c06c428f2e391eb68d88	/home/yjs/autoresearch/runs/20260326-184413-m1-n2-k3-i2/pade_target_snapshot.py	parameter probe: lower pade_denom_threshold to 1.5e-3 on interval-2 best code	2991.389	15.524	3006.913	/home/yjs/autoresearch/runs/20260326-184413-m1-n2-k3-i2
20260329-171615	cf46553	taylorseer-baseline-controls	1	2	3	3		true	0.001						0.061478	1.056978	0.899468	5.597430	28.531345	0.992148	8300	0	8300	0	0	464800	0.000000	0.000000	discard																			/home/yjs/TaylorSeer/TaylorSeer-DiT/taylor_utils/__init__.py	a33d3655b85d125277a52ec2a7310465cfcedc58f149c06c428f2e391eb68d88	/home/yjs/autoresearch/runs/20260329-171615-m1-n2-k3-i3/pade_target_snapshot.py	baseline control: pure TaylorSeer for 20260326-130916	751.529	15.490	767.020	/home/yjs/autoresearch/runs/20260329-171615-m1-n2-k3-i3
20260329-180840	7a0bffc	taylorseer-baseline-controls	1	2	3	2		true	0.002						0.035563	0.976327	0.940126	4.316098	32.498556	0.996501	6200	0	6200	0	0	347200	0.000000	0.000000	keep																			/home/yjs/TaylorSeer/TaylorSeer-DiT/taylor_utils/__init__.py	a33d3655b85d125277a52ec2a7310465cfcedc58f149c06c428f2e391eb68d88	/home/yjs/autoresearch/runs/20260329-180840-m1-n2-k3-i2/pade_target_snapshot.py	baseline control: pure TaylorSeer for 20260326-152352	882.539	15.205	897.745	/home/yjs/autoresearch/runs/20260329-180840-m1-n2-k3-i2
20260330-210519	20ff29e	autoresearch/pade-code-20260330	1	2	3	3	true	true	0.001	100	2	42	1.5	250	0.061186	1.057027	0.899946	5.579414	28.566821	0.992085	8300	4050	4250	0	226800	238000	0.487952	0.487952	pade_beats_control	pade_m=1,pade_n=2,max_order=3,interval=3,pade_only_single_step=true,pade_denom_threshold=0.001,total_images=100,batch_size=2,seed=42,cfg_scale=1.5,num_sampling_steps=250	true	standing_pure_taylor	20260329-171615	better_than_paired_control	0.061478	1.056978	0.899468	5.597430	-0.000292	0.000049	0.000478	-0.018016						/home/yjs/TaylorSeer/TaylorSeer-DiT/taylor_utils/__init__.py	4a594a4e8e1e48ce645bc4022c20d86bdec0b3a6781fe79bb48d94454cdcb2db	/home/yjs/autoresearch/runs/20260330-210519-m1-n2-k3-i3/pade_target_snapshot.py	candidate: conservative generic Padé blend guards on frozen interval-3 bucket [1/2]	3802.651	14.650	3817.303	/home/yjs/autoresearch/runs/20260330-210519-m1-n2-k3-i3
20260330-220930	20ff29e	autoresearch/pade-code-20260330	1	2	3	3	false	true	0.001	100	2	42	1.5	250	0.061478	1.056978	0.899468	5.597430	28.531345	0.992148	8300	0	8300	0	0	464800	0.000000	0.000000	control_not_best_in_bucket	pade_m=1,pade_n=2,max_order=3,interval=3,pade_only_single_step=true,pade_denom_threshold=0.001,total_images=100,batch_size=2,seed=42,cfg_scale=1.5,num_sampling_steps=250	false	standing_pure_taylor	20260329-171615	tied_paired_control	0.061478	1.056978	0.899468	5.597430	-0.000000	-0.000000	-0.000000	0.000000						/home/yjs/TaylorSeer/TaylorSeer-DiT/taylor_utils/__init__.py	4a594a4e8e1e48ce645bc4022c20d86bdec0b3a6781fe79bb48d94454cdcb2db	/home/yjs/autoresearch/runs/20260330-220930-m1-n2-k3-i3/pade_target_snapshot.py	confirm control: conservative generic Padé blend guards on frozen interval-3 bucket [1/2]	1330.511	14.901	1345.413	/home/yjs/autoresearch/runs/20260330-220930-m1-n2-k3-i3
20260409-135924	6d22aea	autoresearch/function-family-20260409	1	2	3	3	true	true	0.001	100	2	42	1.5	250	0.061488	1.056908	0.899454	5.596798	28.533158	0.992145	8300	4050	4250	0	226800	238000	0.487952	0.487952	family_loses_baseline_and_is_too_slow	pade_m=1,pade_n=2,max_order=3,interval=3,pade_only_single_step=true,pade_denom_threshold=0.001,total_images=100,batch_size=2,seed=42,cfg_scale=1.5,num_sampling_steps=250	false	standing_pure_taylor	20260329-171615	worse_than_paired_control	0.061478	1.056978	0.899468	5.597430	0.000010	-0.000070	-0.000014	-0.000632	20260329-171615	751.529	789.105	2.001603	false	/home/yjs/TaylorSeer/TaylorSeer-DiT/taylor_utils/__init__.py	1ac413853a9912667e32cf1fd3afc251e3ff51f33a789ed26d5c2e8c558a79fd	/home/yjs/autoresearch/runs/20260409-135924-m1-n2-k3-i3/pade_target_snapshot.py	candidate: adaptive cubic-damped Taylor family with second-order fallback under interval-3 latency budget	1504.262	14.825	1519.089	/home/yjs/autoresearch/runs/20260409-135924-m1-n2-k3-i3
20260409-142613	6d22aea	autoresearch/function-family-20260409	1	2	3	3	true	true	0.001	100	2	42	1.5	250	0.061398	1.057008	0.899621	5.596977	28.535869	0.992171	8300	4050	4250	0	226800	238000	0.487952	0.487952	family_beats_baseline_but_too_slow	pade_m=1,pade_n=2,max_order=3,interval=3,pade_only_single_step=true,pade_denom_threshold=0.001,total_images=100,batch_size=2,seed=42,cfg_scale=1.5,num_sampling_steps=250	false	standing_pure_taylor	20260329-171615	better_than_paired_control	0.061478	1.056978	0.899468	5.597430	-0.000080	0.000030	0.000153	-0.000453	20260329-171615	751.529	789.105	1.823309	false	/home/yjs/TaylorSeer/TaylorSeer-DiT/taylor_utils/__init__.py	6cd119b847f5c580c3d02341f6dec571ad53a6452143f102780276308d48862f	/home/yjs/autoresearch/runs/20260409-142613-m1-n2-k3-i3/pade_target_snapshot.py	candidate: piecewise cubic-risk clip to second-order Taylor under interval-3 latency budget	1370.269	14.426	1384.697	/home/yjs/autoresearch/runs/20260409-142613-m1-n2-k3-i3
20260409-162541	6d22aea	autoresearch/function-family-20260409	1	2	3	3	true	true	0.001	100	2	42	1.5	250	0.061463	1.056914	0.899484	5.598140	28.531403	0.992159	8300	4050	4250	0	226800	238000	0.487952	0.487952	family_beats_baseline_but_too_slow	pade_m=1,pade_n=2,max_order=3,interval=3,pade_only_single_step=true,pade_denom_threshold=0.001,total_images=100,batch_size=2,seed=42,cfg_scale=1.5,num_sampling_steps=250	false	standing_pure_taylor	20260329-171615	better_than_paired_control	0.061478	1.056978	0.899468	5.597430	-0.000015	-0.000064	0.000016	0.000710	20260329-171615	751.529	789.105	1.917605	false	/home/yjs/TaylorSeer/TaylorSeer-DiT/taylor_utils/__init__.py	429a48681325ecdf9d8f49b7eb6fc38592c55c8021ab832b550ec62263e5a226	/home/yjs/autoresearch/runs/20260409-162541-m1-n2-k3-i3/pade_target_snapshot.py	candidate: sign-aware soft clip from Taylor-3 toward Taylor-2 in amplifying cubic region	1441.136	14.691	1455.828	/home/yjs/autoresearch/runs/20260409-162541-m1-n2-k3-i3
20260409-173003	6d22aea	autoresearch/function-family-20260409	1	2	3	3	true	true	0.001	100	2	42	1.5	250	0.061520	1.056895	0.899400	5.598073	28.528782	0.992141	8300	4050	8300	4050	4050	460750	0.487952	0.008713	family_loses_baseline_and_is_too_slow	pade_m=1,pade_n=2,max_order=3,interval=3,pade_only_single_step=true,pade_denom_threshold=0.001,total_images=100,batch_size=2,seed=42,cfg_scale=1.5,num_sampling_steps=250	false	standing_pure_taylor	20260329-171615	worse_than_paired_control	0.061478	1.056978	0.899468	5.597430	0.000042	-0.000083	-0.000068	0.000643	20260329-171615	751.529	789.105	1.656798	false	/home/yjs/TaylorSeer/TaylorSeer-DiT/taylor_utils/__init__.py	05accb165574fa40947de5f873eeca688a86ab393bb95fd3073854c44b21f967	/home/yjs/autoresearch/runs/20260409-173003-m1-n2-k3-i3/pade_target_snapshot.py	candidate: sparse weighted Taylor family with 50% cubic retention on last-layer MLP plus low-overhead stats under interval-3 latency budget	1245.131	37.754	1282.887	/home/yjs/autoresearch/runs/20260409-173003-m1-n2-k3-i3
20260409-180305	6d22aea	autoresearch/function-family-20260409	1	2	3	3	true	true	0.001	100	2	42	1.5	250	0.061480	1.056954	0.899468	5.597439	28.531357	0.992148	50	50	0	0	50	0	1.000000	1.000000	family_loses_baseline_and_is_too_slow	pade_m=1,pade_n=2,max_order=3,interval=3,pade_only_single_step=true,pade_denom_threshold=0.001,total_images=100,batch_size=2,seed=42,cfg_scale=1.5,num_sampling_steps=250	false	standing_pure_taylor	20260329-171615	worse_than_paired_control	0.061478	1.056978	0.899468	5.597430	0.000002	-0.000024	0.000000	0.000009	20260329-171615	751.529	789.105	1.580224	false	/home/yjs/TaylorSeer/TaylorSeer-DiT/taylor_utils/__init__.py	39038c721428362475d5d22b2d5e8016775bc488791f5ef4a4b153ef2bef10c7	/home/yjs/autoresearch/runs/20260409-180305-m1-n2-k3-i3/pade_target_snapshot.py	candidate: ultra-sparse weighted Taylor family on last-layer MLP for final three steps under interval-3 latency budget	1187.584	14.991	1202.576	/home/yjs/autoresearch/runs/20260409-180305-m1-n2-k3-i3
20260409-184205	6d22aea	autoresearch/function-family-20260409	1	2	3	3	true	true	0.001	100	2	42	1.5	250	0.061477	1.056940	0.899469	5.597401	28.531384	0.992148	50	50	0	0	50	0	1.000000	1.000000	family_beats_baseline_but_too_slow	pade_m=1,pade_n=2,max_order=3,interval=3,pade_only_single_step=true,pade_denom_threshold=0.001,total_images=100,batch_size=2,seed=42,cfg_scale=1.5,num_sampling_steps=250	false	standing_pure_taylor	20260329-171615	better_than_paired_control	0.061478	1.056978	0.899468	5.597430	-0.000001	-0.000038	0.000001	-0.000029	20260329-171615	751.529	789.105	1.657610	false	/home/yjs/TaylorSeer/TaylorSeer-DiT/taylor_utils/__init__.py	863867868c408abcc384c730e80fc253670558599424cde239a5c2c893c10896	/home/yjs/autoresearch/runs/20260409-184205-m1-n2-k3-i3/pade_target_snapshot.py	candidate: ultra-sparse Taylor-2 fallback on last-layer MLP for final three steps under interval-3 latency budget	1245.742	15.383	1261.125	/home/yjs/autoresearch/runs/20260409-184205-m1-n2-k3-i3
20260409-190414	6d22aea	autoresearch/function-family-20260409	1	2	3	3	true	true	0.001	100	2	42	1.5	250	0.061476	1.056965	0.899468	5.597420	28.531414	0.992148	50	50	0	0	50	0	1.000000	1.000000	family_beats_baseline_but_too_slow	pade_m=1,pade_n=2,max_order=3,interval=3,pade_only_single_step=true,pade_denom_threshold=0.001,total_images=100,batch_size=2,seed=42,cfg_scale=1.5,num_sampling_steps=250	false	standing_pure_taylor	20260329-171615	better_than_paired_control	0.061478	1.056978	0.899468	5.597430	-0.000002	-0.000013	0.000000	-0.000010	20260329-171615	751.529	789.105	1.711593	false	/home/yjs/TaylorSeer/TaylorSeer-DiT/taylor_utils/__init__.py	c79cadf0d23233f68273626b96f46af248f4a80326ab6a0e92c5afcbd0d38d18	/home/yjs/autoresearch/runs/20260409-190414-m1-n2-k3-i3/pade_target_snapshot.py	candidate: ultra-sparse sign-aware Taylor-2 fallback on last-layer MLP for final three steps under interval-3 latency budget	1286.312	19.147	1305.462	/home/yjs/autoresearch/runs/20260409-190414-m1-n2-k3-i3
20260409-192830	6d22aea	autoresearch/function-family-20260409	1	2	3	3	true	true	0.001	100	2	42	1.5	250	0.061479	1.056950	0.899468	5.597430	28.531383	0.992148	50	50	0	0	50	0	1.000000	1.000000	family_beats_baseline_but_too_slow	pade_m=1,pade_n=2,max_order=3,interval=3,pade_only_single_step=true,pade_denom_threshold=0.001,total_images=100,batch_size=2,seed=42,cfg_scale=1.5,num_sampling_steps=250	false	standing_pure_taylor	20260329-171615	better_than_paired_control	0.061478	1.056978	0.899468	5.597430	0.000001	-0.000028	0.000000	0.000000	20260329-171615	751.529	789.105	1.717264	false	/home/yjs/TaylorSeer/TaylorSeer-DiT/taylor_utils/__init__.py	e602f280b9a1fe601584084b2ca29fb7e1ff30541ace6d69976a01cf2c93ae3c	/home/yjs/autoresearch/runs/20260409-192830-m1-n2-k3-i3/pade_target_snapshot.py	candidate: ultra-sparse 25%-cubic weighted Taylor blend on last-layer MLP for final three steps under interval-3 latency budget	1290.574	26.678	1317.255	/home/yjs/autoresearch/runs/20260409-192830-m1-n2-k3-i3
20260409-195301	6d22aea	autoresearch/function-family-20260409	1	2	3	3	true	true	0.001	100	2	42	1.5	250	0.061478	1.056967	0.899470	5.597410	28.531360	0.992148	50	50	0	0	50	0	1.000000	1.000000	family_beats_baseline_but_too_slow	pade_m=1,pade_n=2,max_order=3,interval=3,pade_only_single_step=true,pade_denom_threshold=0.001,total_images=100,batch_size=2,seed=42,cfg_scale=1.5,num_sampling_steps=250	false	standing_pure_taylor	20260329-171615	better_than_paired_control	0.061478	1.056978	0.899468	5.597430	-0.000000	-0.000011	0.000002	-0.000020	20260329-171615	751.529	789.105	1.701681	false	/home/yjs/TaylorSeer/TaylorSeer-DiT/taylor_utils/__init__.py	ad900f23d1d27de9de3fcfcf3e10447d11b18f2e65866047b3e3956376af2ed7	/home/yjs/autoresearch/runs/20260409-195301-m1-n2-k3-i3/pade_target_snapshot.py	candidate: ultra-sparse sign-aware 25%-cubic blend on last-layer MLP for final three steps under interval-3 latency budget	1278.863	48.897	1327.774	/home/yjs/autoresearch/runs/20260409-195301-m1-n2-k3-i3
20260409-201617	6d22aea	autoresearch/function-family-20260409	1	2	3	3	false	true	0.001	100	2	42	1.5	250	0.061478	1.056978	0.899468	5.597430	28.531345	0.992148	0	0	0	0	0	0	0.000000	0.000000	control_not_best_in_bucket	pade_m=1,pade_n=2,max_order=3,interval=3,pade_only_single_step=true,pade_denom_threshold=0.001,total_images=100,batch_size=2,seed=42,cfg_scale=1.5,num_sampling_steps=250	false	standing_pure_taylor	20260329-171615	tied_paired_control	0.061478	1.056978	0.899468	5.597430	-0.000000	-0.000000	-0.000000	0.000000	20260329-171615	751.529	789.105	1.694121	false	/home/yjs/TaylorSeer/TaylorSeer-DiT/taylor_utils/__init__.py	ad900f23d1d27de9de3fcfcf3e10447d11b18f2e65866047b3e3956376af2ed7	/home/yjs/autoresearch/runs/20260409-201617-m1-n2-k3-i3/pade_target_snapshot.py	control: pure Taylor under current environment after ultra-sparse family probes	1273.181	44.129	1317.326	/home/yjs/autoresearch/runs/20260409-201617-m1-n2-k3-i3
20260409-204903	6d22aea	autoresearch/function-family-20260409	1	2	3	3	true	true	0.001	100	2	42	1.5	250	0.061477	1.056967	0.899468	5.597303	28.531414	0.992148	50	50	0	0	50	0	1.000000	1.000000	family_beats_baseline_but_too_slow	pade_m=1,pade_n=2,max_order=3,interval=3,pade_only_single_step=true,pade_denom_threshold=0.001,total_images=100,batch_size=2,seed=42,cfg_scale=1.5,num_sampling_steps=250	false	standing_pure_taylor	20260329-171615	better_than_paired_control	0.061478	1.056978	0.899468	5.597430	-0.000001	-0.000011	0.000000	-0.000127	20260329-171615	751.529	789.105	1.698668	false	/home/yjs/TaylorSeer/TaylorSeer-DiT/taylor_utils/__init__.py	6786046f2c66c21794396e19682d27ed4788778151c4a070b8dd30395ec13547	/home/yjs/autoresearch/runs/20260409-204903-m1-n2-k3-i3/pade_target_snapshot.py	candidate: ultra-sparse sign-aware 50%-cubic blend on last-layer MLP for final three steps under interval-3 latency budget	1276.598	24.873	1301.475	/home/yjs/autoresearch/runs/20260409-204903-m1-n2-k3-i3
20260409-233727	6d22aea	autoresearch/function-family-20260409	1	2	3	3	true	true	0.001	100	2	42	1.5	250	0.061478	1.056962	0.899470	5.597372	28.531405	0.992148	50	50	0	0	50	0	1.000000	1.000000	family_beats_baseline_within_latency_budget	pade_m=1,pade_n=2,max_order=3,interval=3,pade_only_single_step=true,pade_denom_threshold=0.001,total_images=100,batch_size=2,seed=42,cfg_scale=1.5,num_sampling_steps=250	false	standing_pure_taylor	20260329-171615	better_than_paired_control	0.061478	1.056978	0.899468	5.597430	-0.000000	-0.000016	0.000002	-0.000058	20260329-171615	751.529	789.105	0.455287	true	/home/yjs/TaylorSeer/TaylorSeer-DiT/taylor_utils/__init__.py	761f5307e5cf8fa3bcc557387e5ef5fd48b8cb0cf2e4a0f413eaca0f2437386d	/home/yjs/autoresearch/runs/20260409-233727-m1-n2-k3-i3/pade_target_snapshot.py	candidate: ultra-sparse sign-aware 62.5%-cubic blend on last-layer MLP for final three steps under interval-3 latency budget	342.162	14.428	356.590	/home/yjs/autoresearch/runs/20260409-233727-m1-n2-k3-i3
20260409-234723	6d22aea	autoresearch/function-family-20260409	1	2	3	3	true	true	0.001	100	2	42	1.5	250	0.061478	1.056962	0.899470	5.597372	28.531405	0.992148	50	50	0	0	50	0	1.000000	1.000000	family_beats_baseline_within_latency_budget	pade_m=1,pade_n=2,max_order=3,interval=3,pade_only_single_step=true,pade_denom_threshold=0.001,total_images=100,batch_size=2,seed=42,cfg_scale=1.5,num_sampling_steps=250	false	standing_pure_taylor	20260329-171615	better_than_paired_control	0.061478	1.056978	0.899468	5.597430	-0.000000	-0.000016	0.000002	-0.000058	20260329-171615	751.529	789.105	0.454443	true	/home/yjs/TaylorSeer/TaylorSeer-DiT/taylor_utils/__init__.py	761f5307e5cf8fa3bcc557387e5ef5fd48b8cb0cf2e4a0f413eaca0f2437386d	/home/yjs/autoresearch/runs/20260409-234723-m1-n2-k3-i3/pade_target_snapshot.py	candidate: confirm ultra-sparse sign-aware 62.5%-cubic blend on last-layer MLP for final three steps under interval-3 latency budget	341.527	14.025	355.552	/home/yjs/autoresearch/runs/20260409-234723-m1-n2-k3-i3
20260409-235405	6d22aea	autoresearch/function-family-20260409	1	2	3	3	true	true	0.001	100	2	42	1.5	250	0.061477	1.056970	0.899469	5.597463	28.531337	0.992148	50	50	0	0	50	0	1.000000	1.000000	family_beats_baseline_within_latency_budget	pade_m=1,pade_n=2,max_order=3,interval=3,pade_only_single_step=true,pade_denom_threshold=0.001,total_images=100,batch_size=2,seed=42,cfg_scale=1.5,num_sampling_steps=250	false	standing_pure_taylor	20260329-171615	better_than_paired_control	0.061478	1.056978	0.899468	5.597430	-0.000001	-0.000008	0.000001	0.000033	20260329-171615	751.529	789.105	0.455311	true	/home/yjs/TaylorSeer/TaylorSeer-DiT/taylor_utils/__init__.py	0dd02cbfed591057be3430c9674594721596eaa25032cadb0306652378cf9c1e	/home/yjs/autoresearch/runs/20260409-235405-m1-n2-k3-i3/pade_target_snapshot.py	candidate: ultra-sparse sign-aware 59.375%-cubic blend on last-layer MLP for final three steps under interval-3 latency budget	342.180	13.768	355.948	/home/yjs/autoresearch/runs/20260409-235405-m1-n2-k3-i3
20260410-000208	6d22aea	autoresearch/function-family-20260409	1	2	3	3	true	true	0.001	100	2	42	1.5	250	0.061479	1.056958	0.899470	5.597511	28.531394	0.992148	50	50	0	0	50	0	1.000000	1.000000	family_within_latency_budget_but_loses_baseline	pade_m=1,pade_n=2,max_order=3,interval=3,pade_only_single_step=true,pade_denom_threshold=0.001,total_images=100,batch_size=2,seed=42,cfg_scale=1.5,num_sampling_steps=250	false	standing_pure_taylor	20260329-171615	worse_than_paired_control	0.061478	1.056978	0.899468	5.597430	0.000001	-0.000020	0.000002	0.000081	20260329-171615	751.529	789.105	0.454869	true	/home/yjs/TaylorSeer/TaylorSeer-DiT/taylor_utils/__init__.py	96da0b9af9f6ecf8c75a20f4e59aad547f360ea7fd268154ab67c2f5300c65c6	/home/yjs/autoresearch/runs/20260410-000208-m1-n2-k3-i3/pade_target_snapshot.py	candidate: ultra-sparse sign-aware 60.9375%-cubic blend on last-layer MLP for final three steps under interval-3 latency budget	341.848	13.845	355.693	/home/yjs/autoresearch/runs/20260410-000208-m1-n2-k3-i3
20260410-000837	6d22aea	autoresearch/function-family-20260409	1	2	3	3	true	true	0.001	100	2	42	1.5	250	0.061478	1.056955	0.899469	5.597554	28.531341	0.992148	50	50	0	0	50	0	1.000000	1.000000	family_beats_baseline_within_latency_budget	pade_m=1,pade_n=2,max_order=3,interval=3,pade_only_single_step=true,pade_denom_threshold=0.001,total_images=100,batch_size=2,seed=42,cfg_scale=1.5,num_sampling_steps=250	false	standing_pure_taylor	20260329-171615	better_than_paired_control	0.061478	1.056978	0.899468	5.597430	-0.000000	-0.000023	0.000001	0.000124	20260329-171615	751.529	789.105	0.492762	true	/home/yjs/TaylorSeer/TaylorSeer-DiT/taylor_utils/__init__.py	d263851ddebeae427af430e800059c51c92701c48237eecf94a94c2b5dcb1c8f	/home/yjs/autoresearch/runs/20260410-000837-m1-n2-k3-i3/pade_target_snapshot.py	candidate: ultra-sparse sign-aware 61.71875%-cubic blend on last-layer MLP for final three steps under interval-3 latency budget	370.325	13.721	384.047	/home/yjs/autoresearch/runs/20260410-000837-m1-n2-k3-i3
20260410-001544	6d22aea	autoresearch/function-family-20260409	1	2	3	3	true	true	0.001	100	2	42	1.5	250	0.061478	1.056956	0.899468	5.597477	28.531319	0.992148	50	50	0	0	50	0	1.000000	1.000000	family_beats_baseline_within_latency_budget	pade_m=1,pade_n=2,max_order=3,interval=3,pade_only_single_step=true,pade_denom_threshold=0.001,total_images=100,batch_size=2,seed=42,cfg_scale=1.5,num_sampling_steps=250	false	standing_pure_taylor	20260329-171615	better_than_paired_control	0.061478	1.056978	0.899468	5.597430	-0.000000	-0.000022	-0.000000	0.000047	20260329-171615	751.529	789.105	0.455841	true	/home/yjs/TaylorSeer/TaylorSeer-DiT/taylor_utils/__init__.py	4cdc00bbbe5069b70d9ba65d0ecd7f52229f27748caa1aa193322d92bf4f0415	/home/yjs/autoresearch/runs/20260410-001544-m1-n2-k3-i3/pade_target_snapshot.py	candidate: ultra-sparse sign-aware 62.109375%-cubic blend on last-layer MLP for final three steps under interval-3 latency budget	342.578	13.872	356.451	/home/yjs/autoresearch/runs/20260410-001544-m1-n2-k3-i3
20260410-002343	6d22aea	autoresearch/function-family-20260409	1	2	3	3	true	true	0.001	100	2	42	1.5	250	0.061477	1.056934	0.899469	5.597523	28.531401	0.992148	50	50	0	0	50	0	1.000000	1.000000	family_beats_baseline_within_latency_budget	pade_m=1,pade_n=2,max_order=3,interval=3,pade_only_single_step=true,pade_denom_threshold=0.001,total_images=100,batch_size=2,seed=42,cfg_scale=1.5,num_sampling_steps=250	false	standing_pure_taylor	20260329-171615	better_than_paired_control	0.061478	1.056978	0.899468	5.597430	-0.000001	-0.000044	0.000001	0.000093	20260329-171615	751.529	789.105	0.454970	true	/home/yjs/TaylorSeer/TaylorSeer-DiT/taylor_utils/__init__.py	32646e78105f426766ee39ee76d0092952539ac2760a9e8af83453c46f11a72d	/home/yjs/autoresearch/runs/20260410-002343-m1-n2-k3-i3/pade_target_snapshot.py	candidate: ultra-sparse sign-aware 62.3046875%-cubic blend on last-layer MLP for final three steps under interval-3 latency budget	341.923	13.855	355.779	/home/yjs/autoresearch/runs/20260410-002343-m1-n2-k3-i3
20260410-003014	6d22aea	autoresearch/function-family-20260409	1	2	3	3	true	true	0.001	100	2	42	1.5	250	0.061476	1.056962	0.899468	5.597457	28.531368	0.992148	50	50	0	0	50	0	1.000000	1.000000	family_beats_baseline_within_latency_budget	pade_m=1,pade_n=2,max_order=3,interval=3,pade_only_single_step=true,pade_denom_threshold=0.001,total_images=100,batch_size=2,seed=42,cfg_scale=1.5,num_sampling_steps=250	false	standing_pure_taylor	20260329-171615	better_than_paired_control	0.061478	1.056978	0.899468	5.597430	-0.000002	-0.000016	-0.000000	0.000027	20260329-171615	751.529	789.105	0.455774	true	/home/yjs/TaylorSeer/TaylorSeer-DiT/taylor_utils/__init__.py	1a8b1bf0f9282f9ea48dd8bfe34d4aab2465f9eacbe0f9dc40ad617609875f16	/home/yjs/autoresearch/runs/20260410-003014-m1-n2-k3-i3/pade_target_snapshot.py	candidate: ultra-sparse sign-aware 62.6953125%-cubic blend on last-layer MLP for final three steps under interval-3 latency budget	342.527	13.885	356.413	/home/yjs/autoresearch/runs/20260410-003014-m1-n2-k3-i3
20260410-003654	6d22aea	autoresearch/function-family-20260409	1	2	3	3	true	true	0.001	100	2	42	1.5	250	0.061479	1.056966	0.899466	5.597387	28.531346	0.992148	50	50	0	0	50	0	1.000000	1.000000	family_within_latency_budget_but_loses_baseline	pade_m=1,pade_n=2,max_order=3,interval=3,pade_only_single_step=true,pade_denom_threshold=0.001,total_images=100,batch_size=2,seed=42,cfg_scale=1.5,num_sampling_steps=250	false	standing_pure_taylor	20260329-171615	worse_than_paired_control	0.061478	1.056978	0.899468	5.597430	0.000001	-0.000012	-0.000002	-0.000043	20260329-171615	751.529	789.105	0.456375	true	/home/yjs/TaylorSeer/TaylorSeer-DiT/taylor_utils/__init__.py	7969f126541817c26db29806e8020827103304a11ec856bb7d9bde17eee2bd9d	/home/yjs/autoresearch/runs/20260410-003654-m1-n2-k3-i3/pade_target_snapshot.py	candidate: ultra-sparse sign-aware 62.59765625%-cubic blend on last-layer MLP for final three steps under interval-3 latency budget	342.979	14.100	357.080	/home/yjs/autoresearch/runs/20260410-003654-m1-n2-k3-i3
20260410-004347	6d22aea	autoresearch/function-family-20260409	1	2	3	3	true	true	0.001	100	2	42	1.5	250	0.061479	1.056953	0.899469	5.597520	28.531344	0.992148	50	50	0	0	50	0	1.000000	1.000000	family_within_latency_budget_but_loses_baseline	pade_m=1,pade_n=2,max_order=3,interval=3,pade_only_single_step=true,pade_denom_threshold=0.001,total_images=100,batch_size=2,seed=42,cfg_scale=1.5,num_sampling_steps=250	false	standing_pure_taylor	20260329-171615	worse_than_paired_control	0.061478	1.056978	0.899468	5.597430	0.000001	-0.000025	0.000001	0.000090	20260329-171615	751.529	789.105	0.454625	true	/home/yjs/TaylorSeer/TaylorSeer-DiT/taylor_utils/__init__.py	39235131e3dcc5d4e7e1f3c2e9aa16adb572b6b8a22be0788dc4b273e7275657	/home/yjs/autoresearch/runs/20260410-004347-m1-n2-k3-i3/pade_target_snapshot.py	candidate: confidence-gated sign-aware 62.5%-cubic blend requiring |cubic|<=|quadratic| on last-layer MLP for final three steps under interval-3 latency budget	341.664	13.961	355.626	/home/yjs/autoresearch/runs/20260410-004347-m1-n2-k3-i3
20260410-005045	6d22aea	autoresearch/function-family-20260409	1	2	3	3	true	true	0.001	100	2	42	1.5	250	0.061478	1.056955	0.899467	5.597432	28.531384	0.992148	50	50	0	0	50	0	1.000000	1.000000	family_beats_baseline_within_latency_budget	pade_m=1,pade_n=2,max_order=3,interval=3,pade_only_single_step=true,pade_denom_threshold=0.001,total_images=100,batch_size=2,seed=42,cfg_scale=1.5,num_sampling_steps=250	false	standing_pure_taylor	20260329-171615	better_than_paired_control	0.061478	1.056978	0.899468	5.597430	0.000000	-0.000023	-0.000001	0.000002	20260329-171615	751.529	789.105	0.492089	true	/home/yjs/TaylorSeer/TaylorSeer-DiT/taylor_utils/__init__.py	8d66274ff5027232d6ff64ff3f31ce15283b30cd3f0ee0a9bc00934e2860374e	/home/yjs/autoresearch/runs/20260410-005045-m1-n2-k3-i3/pade_target_snapshot.py	candidate: smoothly confidence-weighted sign-aware 62.5%-cubic blend using |quadratic|/|cubic| on last-layer MLP for final three steps under interval-3 latency budget	369.819	13.905	383.725	/home/yjs/autoresearch/runs/20260410-005045-m1-n2-k3-i3
20260410-005837	6d22aea	autoresearch/function-family-20260409	1	2	3	3	true	true	0.001	100	2	42	1.5	250	0.061478	1.056955	0.899467	5.597432	28.531384	0.992148	50	50	0	0	50	0	1.000000	1.000000	family_beats_baseline_within_latency_budget	pade_m=1,pade_n=2,max_order=3,interval=3,pade_only_single_step=true,pade_denom_threshold=0.001,total_images=100,batch_size=2,seed=42,cfg_scale=1.5,num_sampling_steps=250	false	standing_pure_taylor	20260329-171615	better_than_paired_control	0.061478	1.056978	0.899468	5.597430	0.000000	-0.000023	-0.000001	0.000002	20260329-171615	751.529	789.105	0.494263	true	/home/yjs/TaylorSeer/TaylorSeer-DiT/taylor_utils/__init__.py	5a641fd1ffedc3869041fc6a6de0dac8ae25f6b8ce17a964d140ecc3dc12d351	/home/yjs/autoresearch/runs/20260410-005837-m1-n2-k3-i3/pade_target_snapshot.py	candidate: adaptive-retention sign-aware 62.5%-base cubic blend with Taylor fallback when |cubic| dominates on last-layer MLP for final three steps under interval-3 latency budget	371.453	13.975	385.428	/home/yjs/autoresearch/runs/20260410-005837-m1-n2-k3-i3
20260410-010602	6d22aea	autoresearch/function-family-20260409	1	2	3	3	true	true	0.001	100	2	42	1.5	250	0.061478	1.056953	0.899467	5.597363	28.531334	0.992148	50	50	0	0	50	0	1.000000	1.000000	family_beats_baseline_within_latency_budget	pade_m=1,pade_n=2,max_order=3,interval=3,pade_only_single_step=true,pade_denom_threshold=0.001,total_images=100,batch_size=2,seed=42,cfg_scale=1.5,num_sampling_steps=250	false	standing_pure_taylor	20260329-171615	better_than_paired_control	0.061478	1.056978	0.899468	5.597430	-0.000000	-0.000025	-0.000001	-0.000067	20260329-171615	751.529	789.105	0.455053	true	/home/yjs/TaylorSeer/TaylorSeer-DiT/taylor_utils/__init__.py	4ba653328569468c1cecf58252d6f9d4c5d79e8160870331b1ff01814fc00291	/home/yjs/autoresearch/runs/20260410-010602-m1-n2-k3-i3/pade_target_snapshot.py	candidate: linear-and-curvature-aligned sign-aware 62.5%-cubic blend on last-layer MLP for final three steps under interval-3 latency budget	341.985	14.039	356.025	/home/yjs/autoresearch/runs/20260410-010602-m1-n2-k3-i3
20260410-011303	6d22aea	autoresearch/function-family-20260409	1	2	3	3	true	true	0.001	100	2	42	1.5	250	0.061478	1.056946	0.899469	5.597554	28.531348	0.992148	50	50	0	0	50	0	1.000000	1.000000	family_beats_baseline_within_latency_budget	pade_m=1,pade_n=2,max_order=3,interval=3,pade_only_single_step=true,pade_denom_threshold=0.001,total_images=100,batch_size=2,seed=42,cfg_scale=1.5,num_sampling_steps=250	false	standing_pure_taylor	20260329-171615	better_than_paired_control	0.061478	1.056978	0.899468	5.597430	-0.000000	-0.000032	0.000001	0.000124	20260329-171615	751.529	789.105	0.456044	true	/home/yjs/TaylorSeer/TaylorSeer-DiT/taylor_utils/__init__.py	20724783d56b197d09e5ac37d5ca9facdb575147d63e3e7db91721b0e041e458	/home/yjs/autoresearch/runs/20260410-011303-m1-n2-k3-i3/pade_target_snapshot.py	candidate: linear-and-curvature-aligned sign-aware 61.71875%-cubic blend on last-layer MLP for final three steps under interval-3 latency budget	342.730	13.905	356.636	/home/yjs/autoresearch/runs/20260410-011303-m1-n2-k3-i3
20260410-011948	6d22aea	autoresearch/function-family-20260409	1	2	3	3	true	true	0.001	100	2	42	1.5	250	0.061478	1.056949	0.899468	5.597541	28.531355	0.992148	50	50	0	0	50	0	1.000000	1.000000	family_beats_baseline_within_latency_budget	pade_m=1,pade_n=2,max_order=3,interval=3,pade_only_single_step=true,pade_denom_threshold=0.001,total_images=100,batch_size=2,seed=42,cfg_scale=1.5,num_sampling_steps=250	false	standing_pure_taylor	20260329-171615	better_than_paired_control	0.061478	1.056978	0.899468	5.597430	0.000000	-0.000029	0.000000	0.000111	20260329-171615	751.529	789.105	0.454774	true	/home/yjs/TaylorSeer/TaylorSeer-DiT/taylor_utils/__init__.py	7fe0f33bec8cdf49527efe54db0f57398cf0a8275f6aac78b47c8b2950df3c0a	/home/yjs/autoresearch/runs/20260410-011948-m1-n2-k3-i3/pade_target_snapshot.py	candidate: linear-and-curvature-aligned sign-aware 62.109375%-cubic blend on last-layer MLP for final three steps under interval-3 latency budget	341.776	13.800	355.577	/home/yjs/autoresearch/runs/20260410-011948-m1-n2-k3-i3
20260410-012724	6d22aea	autoresearch/function-family-20260409	1	2	3	3	true	true	0.001	100	2	42	1.5	250	0.061476	1.056944	0.899468	5.597389	28.531410	0.992148	50	50	0	0	50	0	1.000000	1.000000	family_beats_baseline_within_latency_budget	pade_m=1,pade_n=2,max_order=3,interval=3,pade_only_single_step=true,pade_denom_threshold=0.001,total_images=100,batch_size=2,seed=42,cfg_scale=1.5,num_sampling_steps=250	false	standing_pure_taylor	20260329-171615	better_than_paired_control	0.061478	1.056978	0.899468	5.597430	-0.000002	-0.000034	0.000000	-0.000041	20260329-171615	751.529	789.105	0.492071	true	/home/yjs/TaylorSeer/TaylorSeer-DiT/taylor_utils/__init__.py	7f9130e9bffdb0b38536a1b57173e7cac48ead0642064f40fd56fbf4e90f4044	/home/yjs/autoresearch/runs/20260410-012724-m1-n2-k3-i3/pade_target_snapshot.py	candidate: linear-and-curvature-aligned sign-aware 62.3046875%-cubic blend on last-layer MLP for final three steps under interval-3 latency budget	369.805	14.088	383.894	/home/yjs/autoresearch/runs/20260410-012724-m1-n2-k3-i3
20260410-013441	6d22aea	autoresearch/function-family-20260409	1	2	3	3	true	true	0.001	100	2	42	1.5	250	0.061477	1.056952	0.899468	5.597593	28.531389	0.992148	50	50	0	0	50	0	1.000000	1.000000	family_beats_baseline_within_latency_budget	pade_m=1,pade_n=2,max_order=3,interval=3,pade_only_single_step=true,pade_denom_threshold=0.001,total_images=100,batch_size=2,seed=42,cfg_scale=1.5,num_sampling_steps=250	false	standing_pure_taylor	20260329-171615	better_than_paired_control	0.061478	1.056978	0.899468	5.597430	-0.000001	-0.000026	-0.000000	0.000163	20260329-171615	751.529	789.105	0.455297	true	/home/yjs/TaylorSeer/TaylorSeer-DiT/taylor_utils/__init__.py	00619712984e5ffd323b397d525c7b89252ccdb364e16ec3a8c6f60fc93ebce4	/home/yjs/autoresearch/runs/20260410-013441-m1-n2-k3-i3/pade_target_snapshot.py	candidate: linear-and-curvature-aligned sign-aware 62.20703125%-cubic blend on last-layer MLP for final three steps under interval-3 latency budget	342.169	13.943	356.112	/home/yjs/autoresearch/runs/20260410-013441-m1-n2-k3-i3
20260410-014501	6d22aea	autoresearch/function-family-20260409	1	2	3	3	true	true	0.001	100	2	42	1.5	250	0.061479	1.056982	0.899468	5.597476	28.531419	0.992148	50	50	0	0	50	0	1.000000	1.000000	family_within_latency_budget_but_loses_baseline	pade_m=1,pade_n=2,max_order=3,interval=3,pade_only_single_step=true,pade_denom_threshold=0.001,total_images=100,batch_size=2,seed=42,cfg_scale=1.5,num_sampling_steps=250	false	standing_pure_taylor	20260329-171615	worse_than_paired_control	0.061478	1.056978	0.899468	5.597430	0.000001	0.000004	0.000000	0.000046	20260329-171615	751.529	789.105	0.455158	true	/home/yjs/TaylorSeer/TaylorSeer-DiT/taylor_utils/__init__.py	7f114ec98c17534746977c71b75e95be6680841bcec32abf0d6fac2f5606e431	/home/yjs/autoresearch/runs/20260410-014501-m1-n2-k3-i3/pade_target_snapshot.py	candidate: linear-and-curvature-aligned sign-aware 62.40234375%-cubic blend on last-layer MLP for final three steps under interval-3 latency budget	342.064	14.019	356.084	/home/yjs/autoresearch/runs/20260410-014501-m1-n2-k3-i3
20260410-015154	6d22aea	autoresearch/function-family-20260409	1	2	3	3	true	true	0.001	100	2	42	1.5	250	0.061476	1.056944	0.899468	5.597389	28.531410	0.992148	50	50	0	0	50	0	1.000000	1.000000	family_beats_baseline_within_latency_budget	pade_m=1,pade_n=2,max_order=3,interval=3,pade_only_single_step=true,pade_denom_threshold=0.001,total_images=100,batch_size=2,seed=42,cfg_scale=1.5,num_sampling_steps=250	false	standing_pure_taylor	20260329-171615	better_than_paired_control	0.061478	1.056978	0.899468	5.597430	-0.000002	-0.000034	0.000000	-0.000041	20260329-171615	751.529	789.105	0.455084	true	/home/yjs/TaylorSeer/TaylorSeer-DiT/taylor_utils/__init__.py	8102f548d97844ffb33e58eb308c0da87ed3bd4f9189ea616ed12a2ee905bf68	/home/yjs/autoresearch/runs/20260410-015154-m1-n2-k3-i3/pade_target_snapshot.py	candidate: final-two-step linear-and-curvature-aligned sign-aware 62.3046875%-cubic blend on last-layer MLP under interval-3 latency budget	342.009	13.679	355.688	/home/yjs/autoresearch/runs/20260410-015154-m1-n2-k3-i3
20260410-015859	6d22aea	autoresearch/function-family-20260409	1	2	3	3	true	true	0.001	100	2	42	1.5	250	0.061477	1.056952	0.899468	5.597593	28.531389	0.992148	50	50	0	0	50	0	1.000000	1.000000	family_beats_baseline_within_latency_budget	pade_m=1,pade_n=2,max_order=3,interval=3,pade_only_single_step=true,pade_denom_threshold=0.001,total_images=100,batch_size=2,seed=42,cfg_scale=1.5,num_sampling_steps=250	false	standing_pure_taylor	20260329-171615	better_than_paired_control	0.061478	1.056978	0.899468	5.597430	-0.000001	-0.000026	-0.000000	0.000163	20260329-171615	751.529	789.105	0.455281	true	/home/yjs/TaylorSeer/TaylorSeer-DiT/taylor_utils/__init__.py	9ab9f0e3283314cf36f7a03799a792cf813dd75217055937ce26c4c9fee3e6ec	/home/yjs/autoresearch/runs/20260410-015859-m1-n2-k3-i3/pade_target_snapshot.py	candidate: final-two-step linear-and-curvature-aligned sign-aware 62.20703125%-cubic blend on last-layer MLP under interval-3 latency budget	342.157	13.647	355.804	/home/yjs/autoresearch/runs/20260410-015859-m1-n2-k3-i3
20260410-020535	6d22aea	autoresearch/function-family-20260409	1	2	3	3	true	true	0.001	100	2	42	1.5	250	0.061477	1.056970	0.899469	5.597474	28.531386	0.992148	50	50	0	0	50	0	1.000000	1.000000	family_beats_baseline_within_latency_budget	pade_m=1,pade_n=2,max_order=3,interval=3,pade_only_single_step=true,pade_denom_threshold=0.001,total_images=100,batch_size=2,seed=42,cfg_scale=1.5,num_sampling_steps=250	false	standing_pure_taylor	20260329-171615	better_than_paired_control	0.061478	1.056978	0.899468	5.597430	-0.000001	-0.000008	0.000001	0.000044	20260329-171615	751.529	789.105	0.455506	true	/home/yjs/TaylorSeer/TaylorSeer-DiT/taylor_utils/__init__.py	45eb2f8964523480bce95a0ced43f7a7a6d1972feea26012aa3cbbabb19408a6	/home/yjs/autoresearch/runs/20260410-020535-m1-n2-k3-i3/pade_target_snapshot.py	candidate: final-two-step linear-and-curvature-aligned sign-aware 62.255859375%-cubic blend on last-layer MLP under interval-3 latency budget	342.326	13.909	356.235	/home/yjs/autoresearch/runs/20260410-020535-m1-n2-k3-i3
20260410-021214	6d22aea	autoresearch/function-family-20260409	1	2	3	3	true	true	0.001	100	2	42	1.5	250	0.061477	1.056952	0.899469	5.597439	28.531357	0.992148	50	50	0	0	50	0	1.000000	1.000000	family_beats_baseline_within_latency_budget	pade_m=1,pade_n=2,max_order=3,interval=3,pade_only_single_step=true,pade_denom_threshold=0.001,total_images=100,batch_size=2,seed=42,cfg_scale=1.5,num_sampling_steps=250	false	standing_pure_taylor	20260329-171615	better_than_paired_control	0.061478	1.056978	0.899468	5.597430	-0.000001	-0.000026	0.000001	0.000009	20260329-171615	751.529	789.105	0.456520	true	/home/yjs/TaylorSeer/TaylorSeer-DiT/taylor_utils/__init__.py	ef51c895507dec2fa28c3542e95974741b808bfba7c88d4e98c9737e73db2811	/home/yjs/autoresearch/runs/20260410-021214-m1-n2-k3-i3/pade_target_snapshot.py	candidate: final-two-step linear-and-curvature-aligned sign-aware 62.353515625%-cubic blend on last-layer MLP under interval-3 latency budget	343.088	13.997	357.085	/home/yjs/autoresearch/runs/20260410-021214-m1-n2-k3-i3
20260410-021919	6d22aea	autoresearch/function-family-20260409	1	2	3	3	true	true	0.001	100	2	42	1.5	250	0.061478	1.056966	0.899468	5.597369	28.531365	0.992148	50	50	0	0	50	0	1.000000	1.000000	family_beats_baseline_within_latency_budget	pade_m=1,pade_n=2,max_order=3,interval=3,pade_only_single_step=true,pade_denom_threshold=0.001,total_images=100,batch_size=2,seed=42,cfg_scale=1.5,num_sampling_steps=250	false	standing_pure_taylor	20260329-171615	better_than_paired_control	0.061478	1.056978	0.899468	5.597430	-0.000000	-0.000012	-0.000000	-0.000061	20260329-171615	751.529	789.105	0.455757	true	/home/yjs/TaylorSeer/TaylorSeer-DiT/taylor_utils/__init__.py	1ce5aabbfa4eb9cd9dc278f011f2661b965867cf7604d934e18c2549c52a4ba7	/home/yjs/autoresearch/runs/20260410-021919-m1-n2-k3-i3/pade_target_snapshot.py	candidate: final-two-step linear-and-curvature-aligned sign-aware 62.3291015625%-cubic blend on last-layer MLP under interval-3 latency budget	342.515	13.965	356.480	/home/yjs/autoresearch/runs/20260410-021919-m1-n2-k3-i3
20260410-022709	6d22aea	autoresearch/function-family-20260409	1	2	3	3	true	true	0.001	100	2	42	1.5	250	0.061477	1.056966	0.899468	5.597465	28.531303	0.992148	50	50	0	0	50	0	1.000000	1.000000	family_beats_baseline_within_latency_budget	pade_m=1,pade_n=2,max_order=3,interval=3,pade_only_single_step=true,pade_denom_threshold=0.001,total_images=100,batch_size=2,seed=42,cfg_scale=1.5,num_sampling_steps=250	false	standing_pure_taylor	20260329-171615	better_than_paired_control	0.061478	1.056978	0.899468	5.597430	-0.000001	-0.000012	0.000000	0.000035	20260329-171615	751.529	789.105	0.489741	true	/home/yjs/TaylorSeer/TaylorSeer-DiT/taylor_utils/__init__.py	8d546a0220b1c86c69500b6e35ebd56f11db2f78d75fa86b7a56761692b76f6a	/home/yjs/autoresearch/runs/20260410-022709-m1-n2-k3-i3/pade_target_snapshot.py	candidate: final-two-step linear-and-curvature-aligned sign-aware 62.34130859375%-cubic blend on last-layer MLP under interval-3 latency budget	368.055	13.997	382.053	/home/yjs/autoresearch/runs/20260410-022709-m1-n2-k3-i3
20260410-023431	6d22aea	autoresearch/function-family-20260409	1	2	3	3	true	true	0.001	100	2	42	1.5	250	0.061478	1.056958	0.899469	5.597475	28.531335	0.992148	50	50	0	0	50	0	1.000000	1.000000	family_beats_baseline_within_latency_budget	pade_m=1,pade_n=2,max_order=3,interval=3,pade_only_single_step=true,pade_denom_threshold=0.001,total_images=100,batch_size=2,seed=42,cfg_scale=1.5,num_sampling_steps=250	false	standing_pure_taylor	20260329-171615	better_than_paired_control	0.061478	1.056978	0.899468	5.597430	0.000000	-0.000020	0.000001	0.000045	20260329-171615	751.529	789.105	0.454705	true	/home/yjs/TaylorSeer/TaylorSeer-DiT/taylor_utils/__init__.py	13c344abead9dd21d7f98e2d3eb8f503f47dd8517a5f477a87fc5711cfc23590	/home/yjs/autoresearch/runs/20260410-023431-m1-n2-k3-i3/pade_target_snapshot.py	candidate: final-two-step linear-and-curvature-aligned sign-aware 62.31689453125%-cubic blend on last-layer MLP under interval-3 latency budget	341.724	14.173	355.898	/home/yjs/autoresearch/runs/20260410-023431-m1-n2-k3-i3
20260410-024151	6d22aea	autoresearch/function-family-20260409	1	2	3	3	true	true	0.001	100	2	42	1.5	250	0.061478	1.056975	0.899467	5.597361	28.531351	0.992148	50	50	0	0	50	0	1.000000	1.000000	family_beats_baseline_within_latency_budget	pade_m=1,pade_n=2,max_order=3,interval=3,pade_only_single_step=true,pade_denom_threshold=0.001,total_images=100,batch_size=2,seed=42,cfg_scale=1.5,num_sampling_steps=250	false	standing_pure_taylor	20260329-171615	better_than_paired_control	0.061478	1.056978	0.899468	5.597430	-0.000000	-0.000003	-0.000001	-0.000069	20260329-171615	751.529	789.105	0.496093	true	/home/yjs/TaylorSeer/TaylorSeer-DiT/taylor_utils/__init__.py	51143020aef07b8c6af8a55ddc236d68cb737a4ca3f3a9a1b26a5f7fe23a2d0c	/home/yjs/autoresearch/runs/20260410-024151-m1-n2-k3-i3/pade_target_snapshot.py	candidate: final-two-step linear-and-curvature-aligned 62.353515625%-cubic blend gated by |cubic|<=|linear| on last-layer MLP under interval-3 latency budget	372.829	13.862	386.691	/home/yjs/autoresearch/runs/20260410-024151-m1-n2-k3-i3
20260410-024932	6d22aea	autoresearch/function-family-20260409	1	2	3	3	true	true	0.001	100	2	42	1.5	250	0.061478	1.056978	0.899468	5.597430	28.531345	0.992148	0	0	0	0	0	0	0.000000	0.000000	family_ties_baseline_within_latency_budget	pade_m=1,pade_n=2,max_order=3,interval=3,pade_only_single_step=true,pade_denom_threshold=0.001,total_images=100,batch_size=2,seed=42,cfg_scale=1.5,num_sampling_steps=250	false	standing_pure_taylor	20260329-171615	tied_paired_control	0.061478	1.056978	0.899468	5.597430	-0.000000	-0.000000	-0.000000	0.000000	20260329-171615	751.529	789.105	0.455902	true	/home/yjs/TaylorSeer/TaylorSeer-DiT/taylor_utils/__init__.py	ee5a7474cfc664d672975ac5df69535fb9392217f1a579bb0b676369502c73f8	/home/yjs/autoresearch/runs/20260410-024932-m1-n2-k3-i3/pade_target_snapshot.py	candidate: final-one-step linear-and-curvature-aligned sign-aware 62.353515625%-cubic blend on last-layer MLP under interval-3 latency budget	342.624	13.914	356.539	/home/yjs/autoresearch/runs/20260410-024932-m1-n2-k3-i3
20260410-025624	6d22aea	autoresearch/function-family-20260409	1	2	3	3	true	true	0.001	100	2	42	1.5	250	0.061476	1.056944	0.899468	5.597389	28.531410	0.992148	50	50	0	0	50	0	1.000000	1.000000	family_beats_baseline_within_latency_budget	pade_m=1,pade_n=2,max_order=3,interval=3,pade_only_single_step=true,pade_denom_threshold=0.001,total_images=100,batch_size=2,seed=42,cfg_scale=1.5,num_sampling_steps=250	false	standing_pure_taylor	20260329-171615	better_than_paired_control	0.061478	1.056978	0.899468	5.597430	-0.000002	-0.000034	0.000000	-0.000041	20260329-171615	751.529	789.105	0.491813	true	/home/yjs/TaylorSeer/TaylorSeer-DiT/taylor_utils/__init__.py	db72c74826a8cf2e78e3346daa354c80e10f806184b62319238d2d0bbcecb407	/home/yjs/autoresearch/runs/20260410-025624-m1-n2-k3-i3/pade_target_snapshot.py	candidate: step-specialized final-two-step linear-and-curvature-aligned blend with 62.353515625%-final-step and 62.3046875%-penultimate-step cubic retention under interval-3 latency budget	369.612	13.855	383.468	/home/yjs/autoresearch/runs/20260410-025624-m1-n2-k3-i3
20260410-030341	6d22aea	autoresearch/function-family-20260409	1	2	3	3	true	true	0.001	100	2	42	1.5	250	0.061476	1.056944	0.899468	5.597389	28.531410	0.992148	50	50	0	0	50	0	1.000000	1.000000	family_beats_baseline_within_latency_budget	pade_m=1,pade_n=2,max_order=3,interval=3,pade_only_single_step=true,pade_denom_threshold=0.001,total_images=100,batch_size=2,seed=42,cfg_scale=1.5,num_sampling_steps=250	false	standing_pure_taylor	20260329-171615	better_than_paired_control	0.061478	1.056978	0.899468	5.597430	-0.000002	-0.000034	0.000000	-0.000041	20260329-171615	751.529	789.105	0.455280	true	/home/yjs/TaylorSeer/TaylorSeer-DiT/taylor_utils/__init__.py	77d5dd668677f40ae9182440de4c7924d8f956ae10ca1fbecc4c9cb86637abcf	/home/yjs/autoresearch/runs/20260410-030341-m1-n2-k3-i3/pade_target_snapshot.py	candidate: penultimate-step-only linear-and-curvature-aligned sign-aware 62.3046875%-cubic blend on last-layer MLP under interval-3 latency budget	342.156	14.101	356.257	/home/yjs/autoresearch/runs/20260410-030341-m1-n2-k3-i3
20260410-031046	6d22aea	autoresearch/function-family-20260409	1	2	3	3	true	true	0.001	100	2	42	1.5	250	0.061476	1.056977	0.899468	5.597417	28.531335	0.992148	50	50	0	0	50	0	1.000000	1.000000	family_beats_baseline_within_latency_budget	pade_m=1,pade_n=2,max_order=3,interval=3,pade_only_single_step=true,pade_denom_threshold=0.001,total_images=100,batch_size=2,seed=42,cfg_scale=1.5,num_sampling_steps=250	false	standing_pure_taylor	20260329-171615	better_than_paired_control	0.061478	1.056978	0.899468	5.597430	-0.000002	-0.000001	-0.000000	-0.000013	20260329-171615	751.529	789.105	0.455771	true	/home/yjs/TaylorSeer/TaylorSeer-DiT/taylor_utils/__init__.py	7033c872c65d9e26f6913e6f06c63031d6832ad8660403b13c77597ff65d2add	/home/yjs/autoresearch/runs/20260410-031046-m1-n2-k3-i3/pade_target_snapshot.py	candidate: penultimate-step-only linear-and-curvature-aligned 62.353515625%-cubic blend gated by |quadratic|<=|linear| on last-layer MLP under interval-3 latency budget	342.525	14.018	356.544	/home/yjs/autoresearch/runs/20260410-031046-m1-n2-k3-i3
20260410-031828	6d22aea	autoresearch/function-family-20260409	1	2	3	3	true	true	0.001	100	2	42	1.5	250	0.061479	1.056952	0.899468	5.597399	28.531329	0.992148	50	50	0	0	50	0	1.000000	1.000000	family_within_latency_budget_but_loses_baseline	pade_m=1,pade_n=2,max_order=3,interval=3,pade_only_single_step=true,pade_denom_threshold=0.001,total_images=100,batch_size=2,seed=42,cfg_scale=1.5,num_sampling_steps=250	false	standing_pure_taylor	20260329-171615	worse_than_paired_control	0.061478	1.056978	0.899468	5.597430	0.000001	-0.000026	0.000000	-0.000031	20260329-171615	751.529	789.105	0.456431	true	/home/yjs/TaylorSeer/TaylorSeer-DiT/taylor_utils/__init__.py	96ceeadb59b5fca1f53fee7cfb826d415c4dcedc64c90fadbed3a94a534512c5	/home/yjs/autoresearch/runs/20260410-031828-m1-n2-k3-i3/pade_target_snapshot.py	candidate: penultimate-step-only piecewise retention blend with 62.3046875%-default and 62.353515625%-safe cubic retention under interval-3 latency budget	343.021	13.912	356.935	/home/yjs/autoresearch/runs/20260410-031828-m1-n2-k3-i3
20260410-032548	6d22aea	autoresearch/function-family-20260409	1	2	3	3	true	true	0.001	100	2	42	1.5	250	0.061478	1.056959	0.899467	5.597386	28.531344	0.992148	50	50	0	0	50	0	1.000000	1.000000	family_beats_baseline_within_latency_budget	pade_m=1,pade_n=2,max_order=3,interval=3,pade_only_single_step=true,pade_denom_threshold=0.001,total_images=100,batch_size=2,seed=42,cfg_scale=1.5,num_sampling_steps=250	false	standing_pure_taylor	20260329-171615	better_than_paired_control	0.061478	1.056978	0.899468	5.597430	0.000000	-0.000019	-0.000001	-0.000044	20260329-171615	751.529	789.105	0.456254	true	/home/yjs/TaylorSeer/TaylorSeer-DiT/taylor_utils/__init__.py	c920a2bdc7d634e9880481853d2e088639d9c8281491cae97c740adf9619b25e	/home/yjs/autoresearch/runs/20260410-032548-m1-n2-k3-i3/pade_target_snapshot.py	candidate: penultimate-step-only smooth retention blend between 62.3046875% and 62.353515625% using |linear|-|quadratic| confidence under interval-3 latency budget	342.888	13.894	356.783	/home/yjs/autoresearch/runs/20260410-032548-m1-n2-k3-i3
20260410-033251	6d22aea	autoresearch/function-family-20260409	1	2	3	3	true	true	0.001	100	2	42	1.5	250	0.061477	1.056924	0.899467	5.597399	28.531381	0.992148	50	50	0	0	50	0	1.000000	1.000000	family_beats_baseline_within_latency_budget	pade_m=1,pade_n=2,max_order=3,interval=3,pade_only_single_step=true,pade_denom_threshold=0.001,total_images=100,batch_size=2,seed=42,cfg_scale=1.5,num_sampling_steps=250	false	standing_pure_taylor	20260329-171615	better_than_paired_control	0.061478	1.056978	0.899468	5.597430	-0.000001	-0.000054	-0.000001	-0.000031	20260329-171615	751.529	789.105	0.496285	true	/home/yjs/TaylorSeer/TaylorSeer-DiT/taylor_utils/__init__.py	28403981349536a3b38d902451e6d2b4a993de0205e2eaa41e28c9e42c5a9a9b	/home/yjs/autoresearch/runs/20260410-033251-m1-n2-k3-i3/pade_target_snapshot.py	candidate: penultimate-step-only weighted-Taylor blend with 62.3046875%-cubic retention and 99.21875%-quadratic retention under interval-3 latency budget	372.972	13.921	386.895	/home/yjs/autoresearch/runs/20260410-033251-m1-n2-k3-i3
20260410-034007	6d22aea	autoresearch/function-family-20260409	1	2	3	3	true	true	0.001	100	2	42	1.5	250	0.061478	1.056967	0.899468	5.597445	28.531338	0.992148	50	50	0	0	50	0	1.000000	1.000000	family_beats_baseline_within_latency_budget	pade_m=1,pade_n=2,max_order=3,interval=3,pade_only_single_step=true,pade_denom_threshold=0.001,total_images=100,batch_size=2,seed=42,cfg_scale=1.5,num_sampling_steps=250	false	standing_pure_taylor	20260329-171615	better_than_paired_control	0.061478	1.056978	0.899468	5.597430	0.000000	-0.000011	0.000000	0.000015	20260329-171615	751.529	789.105	0.492721	true	/home/yjs/TaylorSeer/TaylorSeer-DiT/taylor_utils/__init__.py	37df432785ef947c8ee41eed42e19aca5256d6785800752da2214a5d04e89450	/home/yjs/autoresearch/runs/20260410-034007-m1-n2-k3-i3/pade_target_snapshot.py	candidate: penultimate-step-only weighted-Taylor blend with 62.3046875%-cubic retention and 99.609375%-quadratic retention under interval-3 latency budget	370.294	13.821	384.116	/home/yjs/autoresearch/runs/20260410-034007-m1-n2-k3-i3
20260410-034751	6d22aea	autoresearch/function-family-20260409	1	2	3	3	true	true	0.001	100	2	42	1.5	250	0.061478	1.056969	0.899468	5.597534	28.531313	0.992148	50	50	0	0	50	0	1.000000	1.000000	family_beats_baseline_within_latency_budget	pade_m=1,pade_n=2,max_order=3,interval=3,pade_only_single_step=true,pade_denom_threshold=0.001,total_images=100,batch_size=2,seed=42,cfg_scale=1.5,num_sampling_steps=250	false	standing_pure_taylor	20260329-171615	better_than_paired_control	0.061478	1.056978	0.899468	5.597430	-0.000000	-0.000009	-0.000000	0.000104	20260329-171615	751.529	789.105	0.454972	true	/home/yjs/TaylorSeer/TaylorSeer-DiT/taylor_utils/__init__.py	f5c569e15073f0e1f11cd705f7bcf9a38e7d9e66ed66ab5b88f010f37ee932a6	/home/yjs/autoresearch/runs/20260410-034751-m1-n2-k3-i3/pade_target_snapshot.py	candidate: penultimate-step-only smooth retention blend between 62.3046875% and 62.353515625% using |linear|/(|linear|+|cubic|) confidence under interval-3 latency budget	341.924	13.825	355.750	/home/yjs/autoresearch/runs/20260410-034751-m1-n2-k3-i3
20260410-035505	6d22aea	autoresearch/function-family-20260409	1	2	3	3	true	true	0.001	100	2	42	1.5	250	0.061476	1.056944	0.899468	5.597389	28.531410	0.992148	50	50	0	0	50	0	1.000000	1.000000	family_beats_baseline_within_latency_budget	pade_m=1,pade_n=2,max_order=3,interval=3,pade_only_single_step=true,pade_denom_threshold=0.001,total_images=100,batch_size=2,seed=42,cfg_scale=1.5,num_sampling_steps=250	false	standing_pure_taylor	20260329-171615	better_than_paired_control	0.061478	1.056978	0.899468	5.597430	-0.000002	-0.000034	0.000000	-0.000041	20260329-171615	751.529	789.105	0.457823	true	/home/yjs/TaylorSeer/TaylorSeer-DiT/taylor_utils/__init__.py	77d5dd668677f40ae9182440de4c7924d8f956ae10ca1fbecc4c9cb86637abcf	/home/yjs/autoresearch/runs/20260410-035505-m1-n2-k3-i3/pade_target_snapshot.py	candidate: confirm penultimate-step-only linear-and-curvature-aligned sign-aware 62.3046875%-cubic blend on last-layer MLP under interval-3 latency budget	344.068	13.898	357.966	/home/yjs/autoresearch/runs/20260410-035505-m1-n2-k3-i3
20260410-040216	6d22aea	autoresearch/function-family-20260409	1	2	3	3	true	true	0.001	100	2	42	1.5	250	0.061478	1.056963	0.899468	5.597441	28.531389	0.992148	50	50	0	0	50	0	1.000000	1.000000	family_beats_baseline_within_latency_budget	pade_m=1,pade_n=2,max_order=3,interval=3,pade_only_single_step=true,pade_denom_threshold=0.001,total_images=100,batch_size=2,seed=42,cfg_scale=1.5,num_sampling_steps=250	false	standing_pure_taylor	20260329-171615	better_than_paired_control	0.061478	1.056978	0.899468	5.597430	0.000000	-0.000015	0.000000	0.000011	20260329-171615	751.529	789.105	0.456239	true	/home/yjs/TaylorSeer/TaylorSeer-DiT/taylor_utils/__init__.py	6cd1bbbda14a72a942bfa45cc69a8a6eb2749d5cc2c4b97c4cef0745a9d817b8	/home/yjs/autoresearch/runs/20260410-040216-m1-n2-k3-i3/pade_target_snapshot.py	candidate: penultimate-step-only rationally softened 62.3046875%-cubic damping using |quadratic|/|linear| on last-layer MLP under interval-3 latency budget	342.877	13.975	356.853	/home/yjs/autoresearch/runs/20260410-040216-m1-n2-k3-i3
20260423-203241	dc4c2e9	autoresearch/function-family-20260409	1	2	3	3	true	true	0.001	100	2	42	1.5	250	0.061477	1.056964	0.899467	5.597454	28.531386	0.992148	50	50	0	0	50	0	1.000000	1.000000	family_beats_baseline_within_latency_budget	pade_m=1,pade_n=2,max_order=3,interval=3,pade_only_single_step=true,pade_denom_threshold=0.001,total_images=100,batch_size=2,seed=42,cfg_scale=1.5,num_sampling_steps=250	false	standing_pure_taylor	20260329-171615	better_than_paired_control	0.061478	1.056978	0.899468	5.597430	-0.000001	-0.000014	-0.000001	0.000024	20260329-171615	751.529	789.105	0.457911	true	/home/yjs/TaylorSeer/TaylorSeer-DiT/taylor_utils/__init__.py	64fac2cf209f24a94ec185376ad24107b97181f4089c56cbdb45a6e4399c6944	/home/yjs/autoresearch/runs/20260423-203241-m1-n2-k3-i3/pade_target_snapshot.py	candidate: penultimate-step-only Hermite-style empirical cubic with 100.1953125%-curvature lift and 62.3046875%-cubic shape on last-layer MLP under interval-3 latency budget	344.133	14.324	358.458	/home/yjs/autoresearch/runs/20260423-203241-m1-n2-k3-i3
20260423-204051	dc4c2e9	autoresearch/function-family-20260409	1	2	3	3	true	true	0.001	100	2	42	1.5	250	0.061477	1.056953	0.899468	5.597499	28.531388	0.992148	50	50	0	0	50	0	1.000000	1.000000	family_beats_baseline_within_latency_budget	pade_m=1,pade_n=2,max_order=3,interval=3,pade_only_single_step=true,pade_denom_threshold=0.001,total_images=100,batch_size=2,seed=42,cfg_scale=1.5,num_sampling_steps=250	false	standing_pure_taylor	20260329-171615	better_than_paired_control	0.061478	1.056978	0.899468	5.597430	-0.000001	-0.000025	0.000000	0.000069	20260329-171615	751.529	789.105	0.462980	true	/home/yjs/TaylorSeer/TaylorSeer-DiT/taylor_utils/__init__.py	a88acfc354132a768b519ce849daf431f866d7a49e1e8ad674a853b793597410	/home/yjs/autoresearch/runs/20260423-204051-m1-n2-k3-i3/pade_target_snapshot.py	candidate: penultimate-step-only monomial empirical cubic with 99.99847412109375%-linear gain and 62.3046875%-cubic shape on last-layer MLP under interval-3 latency budget	347.943	15.048	362.992	/home/yjs/autoresearch/runs/20260423-204051-m1-n2-k3-i3
20260423-204801	dc4c2e9	autoresearch/function-family-20260409	1	2	3	3	true	true	0.001	100	2	42	1.5	250	0.061477	1.056963	0.899468	5.597443	28.531372	0.992148	50	50	0	0	50	0	1.000000	1.000000	family_beats_baseline_within_latency_budget	pade_m=1,pade_n=2,max_order=3,interval=3,pade_only_single_step=true,pade_denom_threshold=0.001,total_images=100,batch_size=2,seed=42,cfg_scale=1.5,num_sampling_steps=250	false	standing_pure_taylor	20260329-171615	better_than_paired_control	0.061478	1.056978	0.899468	5.597430	-0.000001	-0.000015	0.000000	0.000013	20260329-171615	751.529	789.105	0.473015	true	/home/yjs/TaylorSeer/TaylorSeer-DiT/taylor_utils/__init__.py	8c44c1099a7b3d99b19148fbdb3462b4ae53eaedb4abf5703f06947e6002d94b	/home/yjs/autoresearch/runs/20260423-204801-m1-n2-k3-i3/pade_target_snapshot.py	candidate: penultimate-step-only Legendre empirical cubic with 99.8046875%-P2 curvature and 62.3046875%-P3 cubic shape on last-layer MLP under interval-3 latency budget	355.484	14.873	370.358	/home/yjs/autoresearch/runs/20260423-204801-m1-n2-k3-i3
20260423-205520	dc4c2e9	autoresearch/function-family-20260409	1	2	3	3	true	true	0.001	100	2	42	1.5	250	0.061476	1.056958	0.899467	5.597421	28.531396	0.992148	50	50	0	0	50	0	1.000000	1.000000	family_beats_baseline_within_latency_budget	pade_m=1,pade_n=2,max_order=3,interval=3,pade_only_single_step=true,pade_denom_threshold=0.001,total_images=100,batch_size=2,seed=42,cfg_scale=1.5,num_sampling_steps=250	false	standing_pure_taylor	20260329-171615	better_than_paired_control	0.061478	1.056978	0.899468	5.597430	-0.000002	-0.000020	-0.000001	-0.000009	20260329-171615	751.529	789.105	0.469492	true	/home/yjs/TaylorSeer/TaylorSeer-DiT/taylor_utils/__init__.py	43940daa0357899cc1afdcbde1338e8f29a39ae6baf794868710352ba90f382e	/home/yjs/autoresearch/runs/20260423-205520-m1-n2-k3-i3/pade_target_snapshot.py	candidate: penultimate-step-only Chebyshev empirical cubic with 99.90234375%-T2 curvature and 62.3046875%-T3 cubic shape on last-layer MLP under interval-3 latency budget	352.837	14.019	366.856	/home/yjs/autoresearch/runs/20260423-205520-m1-n2-k3-i3
20260423-210210	dc4c2e9	autoresearch/function-family-20260409	1	2	3	3	true	true	0.001	100	2	42	1.5	250	0.061478	1.056967	0.899469	5.597508	28.531372	0.992148	50	50	0	0	50	0	1.000000	1.000000	family_beats_baseline_within_latency_budget	pade_m=1,pade_n=2,max_order=3,interval=3,pade_only_single_step=true,pade_denom_threshold=0.001,total_images=100,batch_size=2,seed=42,cfg_scale=1.5,num_sampling_steps=250	false	standing_pure_taylor	20260329-171615	better_than_paired_control	0.061478	1.056978	0.899468	5.597430	-0.000000	-0.000011	0.000001	0.000078	20260329-171615	751.529	789.105	0.464368	true	/home/yjs/TaylorSeer/TaylorSeer-DiT/taylor_utils/__init__.py	1cf3023b8f3e44e19775d9f840f0625ae8d3fb341642407915fb008f0a3803c2	/home/yjs/autoresearch/runs/20260423-210210-m1-n2-k3-i3/pade_target_snapshot.py	candidate: penultimate-step-only Chebyshev empirical cubic with 99.951171875%-T2 curvature and 62.3046875%-T3 cubic shape on last-layer MLP under interval-3 latency budget	348.986	14.047	363.034	/home/yjs/autoresearch/runs/20260423-210210-m1-n2-k3-i3
20260423-210849	dc4c2e9	autoresearch/function-family-20260409	1	2	3	3	true	true	0.001	100	2	42	1.5	250	0.061475	1.056949	0.899469	5.597386	28.531334	0.992148	50	50	0	0	50	0	1.000000	1.000000	family_beats_baseline_within_latency_budget	pade_m=1,pade_n=2,max_order=3,interval=3,pade_only_single_step=true,pade_denom_threshold=0.001,total_images=100,batch_size=2,seed=42,cfg_scale=1.5,num_sampling_steps=250	false	standing_pure_taylor	20260329-171615	better_than_paired_control	0.061478	1.056978	0.899468	5.597430	-0.000003	-0.000029	0.000001	-0.000044	20260329-171615	751.529	789.105	0.462128	true	/home/yjs/TaylorSeer/TaylorSeer-DiT/taylor_utils/__init__.py	0d2f832d9563a195b255e013149c6ee43b3b230aeea58d19ccfc6dd0d1e44d14	/home/yjs/autoresearch/runs/20260423-210849-m1-n2-k3-i3/pade_target_snapshot.py	candidate: penultimate-step-only Chebyshev empirical cubic with 100.0244140625%-T2 curvature and 62.3046875%-T3 cubic shape on last-layer MLP under interval-3 latency budget	347.303	14.892	362.196	/home/yjs/autoresearch/runs/20260423-210849-m1-n2-k3-i3
20260423-211600	dc4c2e9	autoresearch/function-family-20260409	1	2	3	3	true	true	0.001	100	2	42	1.5	250	0.061481	1.056972	0.899467	5.597490	28.531431	0.992148	50	50	0	0	50	0	1.000000	1.000000	family_within_latency_budget_but_loses_baseline	pade_m=1,pade_n=2,max_order=3,interval=3,pade_only_single_step=true,pade_denom_threshold=0.001,total_images=100,batch_size=2,seed=42,cfg_scale=1.5,num_sampling_steps=250	false	standing_pure_taylor	20260329-171615	worse_than_paired_control	0.061478	1.056978	0.899468	5.597430	0.000003	-0.000006	-0.000001	0.000060	20260329-171615	751.529	789.105	0.473903	true	/home/yjs/TaylorSeer/TaylorSeer-DiT/taylor_utils/__init__.py	a584cf95212113567bca9ec135246daf225b9e6d3194616cbf810fe169c8eb94	/home/yjs/autoresearch/runs/20260423-211600-m1-n2-k3-i3/pade_target_snapshot.py	candidate: penultimate-step-only Chebyshev empirical cubic with 100.048828125%-T2 curvature and 62.3046875%-T3 cubic shape on last-layer MLP under interval-3 latency budget	356.151	15.173	371.325	/home/yjs/autoresearch/runs/20260423-211600-m1-n2-k3-i3
20260423-212244	dc4c2e9	autoresearch/function-family-20260409	1	2	3	3	true	true	0.001	100	2	42	1.5	250	0.061477	1.056953	0.899468	5.597507	28.531324	0.992148	50	50	0	0	50	0	1.000000	1.000000	family_beats_baseline_within_latency_budget	pade_m=1,pade_n=2,max_order=3,interval=3,pade_only_single_step=true,pade_denom_threshold=0.001,total_images=100,batch_size=2,seed=42,cfg_scale=1.5,num_sampling_steps=250	false	standing_pure_taylor	20260329-171615	better_than_paired_control	0.061478	1.056978	0.899468	5.597430	-0.000001	-0.000025	-0.000000	0.000077	20260329-171615	751.529	789.105	0.496654	true	/home/yjs/TaylorSeer/TaylorSeer-DiT/taylor_utils/__init__.py	5170dd9100d9e2fa05d6b699f330af290534a1c3f594b643e6c91d570778b877	/home/yjs/autoresearch/runs/20260423-212244-m1-n2-k3-i3/pade_target_snapshot.py	candidate: penultimate-step-only Chebyshev empirical cubic with 100.01220703125%-T2 curvature and 62.3046875%-T3 cubic shape on last-layer MLP under interval-3 latency budget	373.250	14.865	388.117	/home/yjs/autoresearch/runs/20260423-212244-m1-n2-k3-i3
20260423-212946	dc4c2e9	autoresearch/function-family-20260409	1	2	3	3	true	true	0.001	100	2	42	1.5	250	0.061476	1.056970	0.899468	5.597457	28.531384	0.992148	50	50	0	0	50	0	1.000000	1.000000	family_beats_baseline_within_latency_budget	pade_m=1,pade_n=2,max_order=3,interval=3,pade_only_single_step=true,pade_denom_threshold=0.001,total_images=100,batch_size=2,seed=42,cfg_scale=1.5,num_sampling_steps=250	false	standing_pure_taylor	20260329-171615	better_than_paired_control	0.061478	1.056978	0.899468	5.597430	-0.000002	-0.000008	0.000000	0.000027	20260329-171615	751.529	789.105	0.484302	true	/home/yjs/TaylorSeer/TaylorSeer-DiT/taylor_utils/__init__.py	74e83145cc8f70deabaf09b8fb1d1e4570e2e0603e70d8c55d59b1a450b6bbed	/home/yjs/autoresearch/runs/20260423-212946-m1-n2-k3-i3/pade_target_snapshot.py	candidate: penultimate-step-only Chebyshev empirical cubic with 100.0244140625%-T2 curvature and 62.29248046875%-T3 cubic shape on last-layer MLP under interval-3 latency budget	363.967	15.098	379.065	/home/yjs/autoresearch/runs/20260423-212946-m1-n2-k3-i3
20260423-221352	dc4c2e9	autoresearch/function-family-20260409	1	2	3	3	true	true	0.001	100	2	42	1.5	250	0.061477	1.056968	0.899469	5.597521	28.531369	0.992148	50	50	0	0	50	0	1.000000	1.000000	family_beats_baseline_within_latency_budget	pade_m=1,pade_n=2,max_order=3,interval=3,pade_only_single_step=true,pade_denom_threshold=0.001,total_images=100,batch_size=2,seed=42,cfg_scale=1.5,num_sampling_steps=250	false	standing_pure_taylor	20260329-171615	better_than_paired_control	0.061478	1.056978	0.899468	5.597430	-0.000001	-0.000010	0.000001	0.000091	20260329-171615	751.529	789.105	0.481788	true	/home/yjs/TaylorSeer/TaylorSeer-DiT/taylor_utils/__init__.py	8d2c87c5a77e8a8bb72f6fcc13ce64a529c7bc577950bfb463da6f6425f2d6dc	/home/yjs/autoresearch/runs/20260423-221352-m1-n2-k3-i3/pade_target_snapshot.py	candidate: penultimate-step-only Chebyshev empirical cubic with 100.0244140625%-T2 curvature and 62.31689453125%-T3 cubic shape on last-layer MLP under interval-3 latency budget	362.078	14.196	376.275	/home/yjs/autoresearch/runs/20260423-221352-m1-n2-k3-i3
20260423-222126	dc4c2e9	autoresearch/function-family-20260409	1	2	3	3	true	true	0.001	100	2	42	1.5	250	0.061475	1.056951	0.899469	5.597386	28.531342	0.992148	50	50	0	0	50	0	1.000000	1.000000	family_beats_baseline_within_latency_budget	pade_m=1,pade_n=2,max_order=3,interval=3,pade_only_single_step=true,pade_denom_threshold=0.001,total_images=100,batch_size=2,seed=42,cfg_scale=1.5,num_sampling_steps=250	false	standing_pure_taylor	20260329-171615	better_than_paired_control	0.061478	1.056978	0.899468	5.597430	-0.000003	-0.000027	0.000001	-0.000044	20260329-171615	751.529	789.105	0.487724	true	/home/yjs/TaylorSeer/TaylorSeer-DiT/taylor_utils/__init__.py	d97c2d936a85967e3541eae44dc67dabcc296aa6708b017a5a68c66405f6066f	/home/yjs/autoresearch/runs/20260423-222126-m1-n2-k3-i3/pade_target_snapshot.py	candidate: penultimate-step-only Chebyshev empirical cubic with champion coefficients gated by |T3 cubic| <= 75% of linear-plus-quadratic envelope on last-layer MLP under interval-3 latency budget	366.539	14.474	381.014	/home/yjs/autoresearch/runs/20260423-222126-m1-n2-k3-i3
20260423-222836	dc4c2e9	autoresearch/function-family-20260409	1	2	3	3	true	true	0.001	100	2	42	1.5	250	0.061475	1.056948	0.899469	5.597378	28.531340	0.992148	50	50	0	0	50	0	1.000000	1.000000	family_beats_baseline_within_latency_budget	pade_m=1,pade_n=2,max_order=3,interval=3,pade_only_single_step=true,pade_denom_threshold=0.001,total_images=100,batch_size=2,seed=42,cfg_scale=1.5,num_sampling_steps=250	false	standing_pure_taylor	20260329-171615	better_than_paired_control	0.061478	1.056978	0.899468	5.597430	-0.000003	-0.000030	0.000001	-0.000052	20260329-171615	751.529	789.105	0.478768	true	/home/yjs/TaylorSeer/TaylorSeer-DiT/taylor_utils/__init__.py	27111d90ab47e03a3a1bb3e4032952c26d96281f4bf462c84f36b79aa9a96ba0	/home/yjs/autoresearch/runs/20260423-222836-m1-n2-k3-i3/pade_target_snapshot.py	candidate: penultimate-step-only Chebyshev empirical cubic with champion coefficients gated by |T3 cubic| <= 125% of linear-plus-quadratic envelope on last-layer MLP under interval-3 latency budget	359.808	14.977	374.786	/home/yjs/autoresearch/runs/20260423-222836-m1-n2-k3-i3
20260423-224057	dc4c2e9	autoresearch/function-family-20260409	1	2	3	3	true	true	0.001	100	2	42	1.5	250	0.061475	1.056951	0.899469	5.597381	28.531336	0.992148	50	50	0	0	50	0	1.000000	1.000000	family_beats_baseline_within_latency_budget	pade_m=1,pade_n=2,max_order=3,interval=3,pade_only_single_step=true,pade_denom_threshold=0.001,total_images=100,batch_size=2,seed=42,cfg_scale=1.5,num_sampling_steps=250	false	standing_pure_taylor	20260329-171615	better_than_paired_control	0.061478	1.056978	0.899468	5.597430	-0.000003	-0.000027	0.000001	-0.000049	20260329-171615	751.529	789.105	0.479218	true	/home/yjs/TaylorSeer/TaylorSeer-DiT/taylor_utils/__init__.py	2ab6dd970bfaa7efd37e43549d560ccaa853dbaa486bab626ceb1308ddae6759	/home/yjs/autoresearch/runs/20260423-224057-m1-n2-k3-i3/pade_target_snapshot.py	candidate: penultimate-step-only Chebyshev empirical cubic with champion coefficients gated by |T3 cubic| <= 150% of linear-plus-quadratic envelope on last-layer MLP under interval-3 latency budget	360.146	14.294	374.440	/home/yjs/autoresearch/runs/20260423-224057-m1-n2-k3-i3
20260423-225826	dc4c2e9	autoresearch/function-family-20260409	1	2	3	3	true	true	0.001	100	2	42	1.5	250	0.061469	1.056874	0.899501	5.597017	28.532260	0.992162	4050	4050	0	0	226800	0	1.000000	1.000000	family_beats_baseline_within_latency_budget	pade_m=1,pade_n=2,max_order=3,interval=3,pade_only_single_step=true,pade_denom_threshold=0.001,total_images=100,batch_size=2,seed=42,cfg_scale=1.5,num_sampling_steps=250	false	standing_pure_taylor	20260329-171615	better_than_paired_control	0.061478	1.056978	0.899468	5.597430	-0.000009	-0.000104	0.000033	-0.000413	20260329-171615	751.529	789.105	0.663009	true	/home/yjs/TaylorSeer/TaylorSeer-DiT/taylor_utils/__init__.py	24d0c53b5c5c520d251d81c6774921e2b5b3dc7805f3b5c611960458189ebbfc	/home/yjs/autoresearch/runs/20260423-225826-m1-n2-k3-i3/pade_target_snapshot.py	candidate: broad single-step Chebyshev cubic with factor-derived stability shape and continuous residual compression across all layers and modules under interval-3 latency budget	498.271	14.357	512.628	/home/yjs/autoresearch/runs/20260423-225826-m1-n2-k3-i3
20260423-230855	dc4c2e9	autoresearch/function-family-20260409	1	2	3	3	true	true	0.001	100	2	42	1.5	250	0.061382	1.056985	0.899644	5.595876	28.538600	0.992177	4050	4050	0	0	226800	0	1.000000	1.000000	family_beats_baseline_within_latency_budget	pade_m=1,pade_n=2,max_order=3,interval=3,pade_only_single_step=true,pade_denom_threshold=0.001,total_images=100,batch_size=2,seed=42,cfg_scale=1.5,num_sampling_steps=250	false	standing_pure_taylor	20260329-171615	better_than_paired_control	0.061478	1.056978	0.899468	5.597430	-0.000096	0.000007	0.000176	-0.001554	20260329-171615	751.529	789.105	0.771255	true	/home/yjs/TaylorSeer/TaylorSeer-DiT/taylor_utils/__init__.py	22347dfc02a07375c68bc60e8bd88c67775552d2e9f14541a5a33c43f62b7540	/home/yjs/autoresearch/runs/20260423-230855-m1-n2-k3-i3/pade_target_snapshot.py	candidate: broad single-step Chebyshev cubic with soft sign-coherence shaping and asymmetric residual compression across all layers and modules under interval-3 latency budget	579.620	14.545	594.166	/home/yjs/autoresearch/runs/20260423-230855-m1-n2-k3-i3
20260423-233201	dc4c2e9	autoresearch/function-family-20260409	1	2	3	3	true	true	0.001	100	2	42	1.5	250	0.061392	1.057046	0.899635	5.595855	28.538808	0.992180	4050	4050	0	0	226800	0	1.000000	1.000000	family_beats_baseline_within_latency_budget	pade_m=1,pade_n=2,max_order=3,interval=3,pade_only_single_step=true,pade_denom_threshold=0.001,total_images=100,batch_size=2,seed=42,cfg_scale=1.5,num_sampling_steps=250	false	standing_pure_taylor	20260329-171615	better_than_paired_control	0.061478	1.056978	0.899468	5.597430	-0.000086	0.000068	0.000167	-0.001575	20260329-171615	751.529	789.105	0.927060	true	/home/yjs/TaylorSeer/TaylorSeer-DiT/taylor_utils/__init__.py	fd8421d1c46328105ecdab85eb769a3629014b83b9b880ed99a61d12383d6c94	/home/yjs/autoresearch/runs/20260423-233201-m1-n2-k3-i3/pade_target_snapshot.py	candidate: broad single-step orthogonal cubic with coherence-weighted Chebyshev-Legendre blending and residual compression across all layers and modules under interval-3 latency budget	696.712	14.625	711.338	/home/yjs/autoresearch/runs/20260423-233201-m1-n2-k3-i3
20260423-234515	dc4c2e9	autoresearch/function-family-20260409	1	2	3	3	true	true	0.001	100	2	42	1.5	250	0.061396	1.057166	0.899639	5.595421	28.539047	0.992182	4050	4050	0	0	226800	0	1.000000	1.000000	family_beats_baseline_within_latency_budget	pade_m=1,pade_n=2,max_order=3,interval=3,pade_only_single_step=true,pade_denom_threshold=0.001,total_images=100,batch_size=2,seed=42,cfg_scale=1.5,num_sampling_steps=250	false	standing_pure_taylor	20260329-171615	better_than_paired_control	0.061478	1.056978	0.899468	5.597430	-0.000082	0.000188	0.000171	-0.002009	20260329-171615	751.529	789.105	0.882478	true	/home/yjs/TaylorSeer/TaylorSeer-DiT/taylor_utils/__init__.py	c87d501f5ca4aac3ba0b59bdf4ceac8f3479d14937489b08979ccdf69d15c370	/home/yjs/autoresearch/runs/20260423-234515-m1-n2-k3-i3/pade_target_snapshot.py	candidate: broad single-step piecewise cubic with coherence-routed Chebyshev versus conservative monomial laws and residual compression across all layers and modules under interval-3 latency budget	663.208	14.547	677.756	/home/yjs/autoresearch/runs/20260423-234515-m1-n2-k3-i3
20260424-000532	dc4c2e9	autoresearch/function-family-20260409	1	2	3	3	true	true	0.001	100	2	42	1.5	250	0.061429	1.057067	0.899574	5.597001	28.535520	0.992179	4050	4050	0	0	226800	0	1.000000	1.000000	family_beats_baseline_within_latency_budget	pade_m=1,pade_n=2,max_order=3,interval=3,pade_only_single_step=true,pade_denom_threshold=0.001,total_images=100,batch_size=2,seed=42,cfg_scale=1.5,num_sampling_steps=250	false	standing_pure_taylor	20260329-171615	better_than_paired_control	0.061478	1.056978	0.899468	5.597430	-0.000049	0.000089	0.000106	-0.000429	20260329-171615	751.529	789.105	0.819091	true	/home/yjs/TaylorSeer/TaylorSeer-DiT/taylor_utils/__init__.py	96f6b89a007c21968fdc4943852852a3556d26d2bff531ffbf13eb4de3ce091d	/home/yjs/autoresearch/runs/20260424-000532-m1-n2-k3-i3/pade_target_snapshot.py	candidate: broad single-step Chebyshev cubic with sign-aware residual compression across all layers and modules under interval-3 latency budget	615.571	14.726	630.298	/home/yjs/autoresearch/runs/20260424-000532-m1-n2-k3-i3
20260424-001745	dc4c2e9	autoresearch/function-family-20260409	1	2	3	3	true	true	0.001	100	2	42	1.5	250	0.061431	1.057060	0.899572	5.596472	28.535774	0.992167	4050	4050	0	0	226800	0	1.000000	1.000000	family_beats_baseline_within_latency_budget	pade_m=1,pade_n=2,max_order=3,interval=3,pade_only_single_step=true,pade_denom_threshold=0.001,total_images=100,batch_size=2,seed=42,cfg_scale=1.5,num_sampling_steps=250	false	standing_pure_taylor	20260329-171615	better_than_paired_control	0.061478	1.056978	0.899468	5.597430	-0.000047	0.000082	0.000104	-0.000958	20260329-171615	751.529	789.105	0.774463	true	/home/yjs/TaylorSeer/TaylorSeer-DiT/taylor_utils/__init__.py	bf5fce1323484e67691b97143e12498b3b04c31f802e3ea79f372699dbc53530	/home/yjs/autoresearch/runs/20260424-001745-m1-n2-k3-i3/pade_target_snapshot.py	candidate: broad single-step Chebyshev cubic with sharpened coherence shaping and nonlinear residual compression across all layers and modules under interval-3 latency budget	582.032	14.372	596.405	/home/yjs/autoresearch/runs/20260424-001745-m1-n2-k3-i3
20260424-002853	dc4c2e9	autoresearch/function-family-20260409	1	2	3	3	true	true	0.001	100	2	42	1.5	250	0.061451	1.057110	0.899547	5.597332	28.534030	0.992172	4050	4050	0	0	226800	0	1.000000	1.000000	family_beats_baseline_within_latency_budget	pade_m=1,pade_n=2,max_order=3,interval=3,pade_only_single_step=true,pade_denom_threshold=0.001,total_images=100,batch_size=2,seed=42,cfg_scale=1.5,num_sampling_steps=250	false	standing_pure_taylor	20260329-171615	better_than_paired_control	0.061478	1.056978	0.899468	5.597430	-0.000027	0.000132	0.000079	-0.000098	20260329-171615	751.529	789.105	0.780104	true	/home/yjs/TaylorSeer/TaylorSeer-DiT/taylor_utils/__init__.py	6394caabb0d9df11c1096c73196de5410d86756533687c907fe4a07058972e30	/home/yjs/autoresearch/runs/20260424-002853-m1-n2-k3-i3/pade_target_snapshot.py	candidate: broad single-step rational-Chebyshev cubic with second-order residual denominator across all layers and modules under interval-3 latency budget	586.270	14.816	601.087	/home/yjs/autoresearch/runs/20260424-002853-m1-n2-k3-i3
20260424-004836	dc4c2e9	autoresearch/function-family-20260409	1	2	3	3	true	true	0.001	100	2	42	1.5	250	0.061415	1.056927	0.899612	5.595411	28.538698	0.992173	4050	4050	0	0	226800	0	1.000000	1.000000	family_beats_baseline_within_latency_budget	pade_m=1,pade_n=2,max_order=3,interval=3,pade_only_single_step=true,pade_denom_threshold=0.001,total_images=100,batch_size=2,seed=42,cfg_scale=1.5,num_sampling_steps=250	false	standing_pure_taylor	20260329-171615	better_than_paired_control	0.061478	1.056978	0.899468	5.597430	-0.000063	-0.000051	0.000144	-0.002019	20260329-171615	751.529	789.105	0.715374	true	/home/yjs/TaylorSeer/TaylorSeer-DiT/taylor_utils/__init__.py	661712e2ceba0d97fbfd1ffc81b8c0ff4562a2a0171c173bbf9e4050db5eef5b	/home/yjs/autoresearch/runs/20260424-004836-m1-n2-k3-i3/pade_target_snapshot.py	candidate: broad single-step empirical monomial cubic with coherence-shaped quadratic and cubic gains across all layers and modules under interval-3 latency budget	537.624	14.468	552.093	/home/yjs/autoresearch/runs/20260424-004836-m1-n2-k3-i3
20260424-010256	dc4c2e9	autoresearch/function-family-20260409	1	2	3	3	true	true	0.001	100	2	42	1.5	250	0.061346	1.057013	0.899699	5.592805	28.546150	0.992179	4050	4050	0	0	226800	0	1.000000	1.000000	family_beats_baseline_within_latency_budget	pade_m=1,pade_n=2,max_order=3,interval=3,pade_only_single_step=true,pade_denom_threshold=0.001,total_images=100,batch_size=2,seed=42,cfg_scale=1.5,num_sampling_steps=250	false	standing_pure_taylor	20260329-171615	better_than_paired_control	0.061478	1.056978	0.899468	5.597430	-0.000132	0.000035	0.000231	-0.004625	20260329-171615	751.529	789.105	0.775951	true	/home/yjs/TaylorSeer/TaylorSeer-DiT/taylor_utils/__init__.py	da2d295fdb8cfa03f76d37a0113edd8cfa640032f0d497699ad0f8e8f60f2ca3	/home/yjs/autoresearch/runs/20260424-010256-m1-n2-k3-i3/pade_target_snapshot.py	candidate: broad single-step Hermite-style cubic with coherence-shaped endpoint value and slope across all layers and modules under interval-3 latency budget	583.149	14.560	597.710	/home/yjs/autoresearch/runs/20260424-010256-m1-n2-k3-i3
20260424-011929	dc4c2e9	autoresearch/function-family-20260409	1	2	3	3	true	true	0.001	100	2	42	1.5	250	0.061346	1.057013	0.899699	5.592805	28.546150	0.992179	4050	4050	0	0	226800	0	1.000000	1.000000	family_beats_baseline_within_latency_budget	pade_m=1,pade_n=2,max_order=3,interval=3,pade_only_single_step=true,pade_denom_threshold=0.001,total_images=100,batch_size=2,seed=42,cfg_scale=1.5,num_sampling_steps=250	false	standing_pure_taylor	20260329-171615	better_than_paired_control	0.061478	1.056978	0.899468	5.597430	-0.000132	0.000035	0.000231	-0.004625	20260329-171615	751.529	789.105	0.805108	true	/home/yjs/TaylorSeer/TaylorSeer-DiT/taylor_utils/__init__.py	cb07f9dd85f7e687a15a55a613e69ca62fbd44a306e0a75380bcd6aa4b7b48b8	/home/yjs/autoresearch/runs/20260424-011929-m1-n2-k3-i3/pade_target_snapshot.py	candidate: broad single-step Hermite-style cubic with coherence-shaped endpoint value and separately shaped endpoint slope across all layers and modules under interval-3 latency budget	605.062	14.240	619.302	/home/yjs/autoresearch/runs/20260424-011929-m1-n2-k3-i3
20260424-013413	dc4c2e9	autoresearch/function-family-20260409	1	2	3	3	true	true	0.001	100	2	42	1.5	250	0.061330	1.057173	0.899727	5.592877	28.547488	0.992183	4050	4050	0	0	226800	0	1.000000	1.000000	family_beats_baseline_within_latency_budget	pade_m=1,pade_n=2,max_order=3,interval=3,pade_only_single_step=true,pade_denom_threshold=0.001,total_images=100,batch_size=2,seed=42,cfg_scale=1.5,num_sampling_steps=250	false	standing_pure_taylor	20260329-171615	better_than_paired_control	0.061478	1.056978	0.899468	5.597430	-0.000148	0.000195	0.000259	-0.004553	20260329-171615	751.529	789.105	0.807216	true	/home/yjs/TaylorSeer/TaylorSeer-DiT/taylor_utils/__init__.py	44d23af53fa077dcc941e450ab3c6a5d5f76a5761924862a53f2d83189f37480	/home/yjs/autoresearch/runs/20260424-013413-m1-n2-k3-i3/pade_target_snapshot.py	candidate: broad single-step Hermite-style cubic with sharpened coherence-shaped endpoint value and separately shaped endpoint slope across all layers and modules under interval-3 latency budget	606.646	14.613	621.261	/home/yjs/autoresearch/runs/20260424-013413-m1-n2-k3-i3
20260424-015057	dc4c2e9	autoresearch/function-family-20260409	1	2	3	3	true	true	0.001	100	2	42	1.5	250	0.061338	1.057130	0.899733	5.591999	28.549468	0.992176	4050	4050	0	0	226800	0	1.000000	1.000000	family_beats_baseline_within_latency_budget	pade_m=1,pade_n=2,max_order=3,interval=3,pade_only_single_step=true,pade_denom_threshold=0.001,total_images=100,batch_size=2,seed=42,cfg_scale=1.5,num_sampling_steps=250	false	standing_pure_taylor	20260329-171615	better_than_paired_control	0.061478	1.056978	0.899468	5.597430	-0.000140	0.000152	0.000265	-0.005431	20260329-171615	751.529	789.105	0.829549	true	/home/yjs/TaylorSeer/TaylorSeer-DiT/taylor_utils/__init__.py	ebbd8bf1cf04306f3a776ca5704a237a24c0d3bfc0d7cf37540e1df7a2592287	/home/yjs/autoresearch/runs/20260424-015057-m1-n2-k3-i3/pade_target_snapshot.py	candidate: broad single-step Hermite-style cubic with blended coherence-shaped endpoint value and separately shaped endpoint slope across all layers and modules under interval-3 latency budget	623.430	14.313	637.744	/home/yjs/autoresearch/runs/20260424-015057-m1-n2-k3-i3
